Start Date,End Date,Response Type,IP Address,Progress,Duration (in seconds),Finished,Recorded Date,Response ID,Recipient Last Name,Recipient First Name,Recipient Email,External Data Reference,Location Latitude,Location Longitude,Distribution Channel,User Language,How would you rate the workshop in general?,How would you rate the teaching material?,How would you rate the trainers/teachers?,What aspects did you like most?,What would you like to see changed? What could be better/different?,"Do you think that you will apply ABM to your own research? If yes, can you elaborate? - Selected Choice","Do you think that you will apply ABM to your own research? If yes, can you elaborate? - Yes, please explain. - Text",Do you have any general feedback for us?
2023-04-03 16:11:24,2023-04-03 16:13:06,IP Address,145.108.67.168,100,102,True,2023-04-03 16:13:07,R_3p8VFAlXyY9SQrH,,,,,52.3766,4.8348,qr,EN,Excellent,Excellent,Excellent,,,"Yes, please explain.",I think it is necceseary if you try to explain human behavior based on scarce material records. Much better than traditional stories about the past.,
2023-04-03 16:18:13,2023-04-03 16:19:01,IP Address,82.113.98.126,100,47,True,2023-04-03 16:19:01,R_2ZUjBO1RJwM4BgI,,,,,50.1169,8.6837,qr,EN,Sufficent,Sufficent,Excellent,,Less crashes :),"Yes, please explain.","I am using it for my PhD ",
2023-04-03 16:18:10,2023-04-03 16:19:12,IP Address,130.37.32.204,100,62,True,2023-04-03 16:19:12,R_3oyHQAbYlNLnouq,,,,,52.4153,4.6836,qr,EN,Good,Excellent,Good,"Interactivity ",,"Yes, please explain.","Very useful tool for modelling prehistoric demography ",
2023-04-03 16:18:24,2023-04-03 16:19:29,IP Address,130.37.59.215,100,64,True,2023-04-03 16:19:29,R_12mO4Yb0g9AhvaP,,,,,52.3066,4.8812,qr,EN,Sufficent,Sufficent,Excellent,,,,,
2023-04-03 16:18:17,2023-04-03 16:19:36,IP Address,77.63.64.2,100,78,True,2023-04-03 16:19:37,R_1EZ2k6KNVHAWu9R,,,,,52.0781,4.2872,qr,EN,Good,Sufficent,Excellent,"The way the tutorial works, taking you through it step by step",It did crash a bit to often,No,,
2023-04-03 16:18:13,2023-04-03 16:19:37,IP Address,145.108.72.229,100,84,True,2023-04-03 16:19:38,R_9ZhcosXOIROLH3j,,,,,52.364,4.8913,qr,EN,Excellent,Good,Excellent,"It is very practical ",I would like more specific implementations depending on the audience interests,"Yes, please explain.","For data viewing ",Keep the good work!!
2023-04-03 16:18:04,2023-04-03 16:19:42,IP Address,145.108.78.223,100,98,True,2023-04-03 16:19:42,R_2UhFAJJTq2qol9u,,,,,52.2312,5.1544,anonymous,EN,Good,Good,Good,The workshop,Less bugs,No,,
2023-04-03 16:20:06,2023-04-03 16:20:33,IP Address,145.108.234.182,100,27,True,2023-04-03 16:20:34,R_3p5BinBma8UPX5g,,,,,52.3066,4.8812,qr,EN,Good,Good,Good,,,"Yes, please explain.",,
2023-04-03 16:18:20,2023-04-03 16:21:17,IP Address,83.187.189.201,100,177,True,2023-04-03 16:21:18,R_1dofwDIhF5BqyIJ,,,,,57.7165,11.9708,qr,EN,Sufficent,Sufficent,Sufficent,The tutorial,"A deeper explination of how the methods actually works, not just what the methods are good for","Yes, please explain.",I am not sure yet but i do see how this could be used to figure out migration patterns,
2023-04-03 16:18:57,2023-04-03 16:23:33,IP Address,130.37.66.129,100,275,True,2023-04-03 16:23:34,R_27TdrpxhAtxeLsq,,,,,52.3712,4.9044,anonymous,EN,Good,Good,Good,Flow of the tutorial,If more archaeological examples gievn,"Yes, please explain.",1) A new way to explore my current PhD data; 2) Socio-political movements in Indian sucontinent from 600 BC to 1000CE,"May be give more info about code-components which we are using in the tutorial. "
2023-04-03 16:18:20,2023-04-03 16:23:52,IP Address,89.15.239.229,100,332,True,2023-04-03 16:23:53,R_dgrTVVnZm8cGM9z,,,,,51.4423,6.9784,qr,EN,Excellent,Good,Excellent,"practical tutorial,  clear introduction ","additional exercises, i.e. being presented with a theory and develop an ABM to test it","Yes, please explain.",testing scenarios and hypotheses,"Well done! make it open source as soon as possible :) but before that, remove the bugs (e.g. lines inserted at the wrong place, extent for the patches doesn't match the extent of the imported map, missing brackets etc.)."
2023-04-03 16:19:20,2023-04-03 16:24:19,IP Address,185.237.102.49,100,299,True,2023-04-03 16:24:20,R_2wGEEk4oLAwHmpr,,,,,51.9172,4.5049,qr,EN,Good,Excellent,Excellent,We learn practicing,"Probably, it will be nice understand a little more the si tax of scripts.","Yes, please explain.","Yes. I would love to apply ABM to my own research and compare with other cases. ","Just my comment about the general syntax of script. "
2023-04-03 16:22:00,2023-04-03 16:24:33,IP Address,130.37.206.220,100,152,True,2023-04-03 16:24:33,R_2qjTD5dppfWs2ZA,,,,,52.3955,5.2975,qr,EN,Good,Good,Good,,,"Yes, please explain.","Not sure yet how but interesting perspective ",
2023-04-03 16:19:11,2023-04-03 16:24:57,IP Address,46.222.154.192,100,346,True,2023-04-03 16:24:58,R_1luFWAlIQem63Cb,,,,,39.468,-0.3621,anonymous,EN,Good,Excellent,Excellent,"own pace, clear instructions and explanations","if you don't do what the tutorial is expecting it doesn't follow you, also some graphic errors (popup window on the button supposed to click on...)","Yes, please explain.","not sure yet, I need to learn more about it!",
2023-04-03 16:18:28,2023-04-03 16:25:19,IP Address,145.108.230.134,100,410,True,2023-04-03 16:25:19,R_xucIAKdDQS3sO6R,,,,,52.3806,4.8738,qr,EN,Sufficent,Sufficent,Good,The concept of abm and the idea of an interactive tutorial,"A functional interface XD -no overlapping messages, tutorial messages appear under the ui elements, possibility to skip a step, ""green surface"" looks white on my device - describe it better, adaptations for the main three browsers or indication of which browser to use, LARGER MAP","Yes, please explain.",I want to try modeling trade this way,"If the online tutorial is going to be functional, we can use the time in presence to discuss nuances (having done the tutorial at home) especially about how it can be used, when it can be applied, how to compare and experiment, what pitfalls there are when comparing simulations under different conditions"
2023-04-03 16:25:09,2023-04-03 16:26:45,IP Address,130.37.184.254,100,96,True,2023-04-03 16:26:46,R_1Cx0TdozGzMFcaq,,,,,52.3474,4.9284,anonymous,EN,Excellent,Good,Excellent,ABM in R,bugs removed,"Yes, please explain.",,Great work! Thank you!
2023-04-03 16:24:57,2023-04-03 16:27:23,IP Address,130.37.205.9,100,145,True,2023-04-03 16:27:24,R_1mrcs9zGOU3cYrr,,,,,52.4887,4.6683,anonymous,EN,Excellent,Excellent,Excellent,step-by-step approach with explanations for each part,further bug solutions,,,
2023-04-03 16:24:56,2023-04-03 16:27:43,IP Address,145.108.68.186,100,166,True,2023-04-03 16:27:43,R_26fNlCFDDgnwCZ8,,,,,52.3474,4.9284,anonymous,EN,Sufficent,Good,Excellent,"It was nice to see passionate trainers willing, not only to teach, but to improve as we went through",It appears that NetLogo was overfitting at times,"Yes, please explain.","I am certainly going to pass this on to my colleagues, who could use this in the 2023 summer field season",
2023-04-03 16:27:36,2023-04-03 16:30:30,IP Address,145.108.79.118,100,174,True,2023-04-03 16:30:31,R_pMFNsaQElCSuz4d,,,,,52.3595,4.8686,anonymous,EN,Good,Excellent,Excellent,it is a creative way of visualizing research data,"I have to explore more before, I can make any suggestion ","Yes, please explain.",for the Oot of Africa hupothesis I am exploring possiblitines of its uses in certain geographical area,"I was a nice start with new things that helps archaeological data to interprate better way "
2023-04-03 16:24:57,2023-04-03 16:33:22,IP Address,130.37.157.151,100,504,True,2023-04-03 16:33:22,R_1jBdRzkQBbkBJD0,,,,,52.3297,4.8625,anonymous,EN,Excellent,Excellent,Excellent,The teaching flow was really productive,Probably the length was insufficient. It would be better to create 2 workshops.,"Yes, please explain.","I am planning a project that will apply ABM in anthropological data (demography, osteometry, isotope data)",
2023-04-03 16:41:25,2023-04-03 16:44:43,IP Address,109.38.134.187,100,198,True,2023-04-03 16:44:44,R_3erePzLJV7NaxCh,,,,,52.3782,4.853,anonymous,EN,Good,Good,Excellent,"The teachers were wonderful to work with and very enthusiastic ",More activities perhaps,"Yes, please explain.","no because I’m not currently involved in any research, but I’m very interested in studying the movement and evolution of people. I would potentially use this in the future. ","Just thank you for a great session :) "
2023-04-03 22:36:32,2023-04-03 22:41:49,IP Address,85.149.24.65,100,317,True,2023-04-03 22:41:50,R_ef9Hj3fZCeV6l2h,,,,,51.9905,4.3364,qr,EN,Excellent,Good,Excellent,"the format of the tutorial and how exolainatory it was ",if the interface was working a bit better,"Yes, please explain.",it would be a very interesting combination with predictive modelling,"it was a bit dense as a workshop for a first timer, maybe it would be better to be split in two so you can play around with the alternative options more; overall I really enjoyed it and it was even better than I expected (I had high expectations)"
2023-08-31 19:03:26,2023-08-31 19:08:21,IP Address,86.187.230.248,100,295,True,2023-08-31 19:08:23,R_1ohhCOCToWstlQe,,,,,51.5088,-0.093,qr,EN,Excellent,Excellent,Excellent,"Friendly context, simple steps, error-free methodology to learn how to do ",,"Yes, please explain.","Yes, it is the best way to demonstrate my hypothesis",Great work! More masterclass and practical activities will be a great opportunity
2023-08-31 19:11:35,2023-08-31 19:12:49,IP Address,82.132.216.250,100,73,True,2023-08-31 19:12:49,R_Z7FcVQbg0VaxiUN,,,,,51.4964,-0.1224,qr,EN,Excellent,Good,Excellent,Practical element,"Quite a few errors with the tutorial popups, but that might just have been my browser.","Yes, please explain.","I am interested in modelling movement ",
2023-08-31 19:14:32,2023-08-31 19:15:53,IP Address,143.117.225.36,100,80,True,2023-08-31 19:15:54,R_1pXTz5ehsseW3MR,,,,,54.5396,-5.975,qr,EN,Sufficent,Sufficent,Good,"The personal help, the enthusiasm ",A tutorial where you can't fail,"Yes, please explain.",Not sure yet,
2023-08-31 19:14:24,2023-08-31 19:19:24,IP Address,213.55.222.97,100,299,True,2023-08-31 19:19:25,R_wY0ySjtQ2ks5jDH,,,,,47.3682,8.5671,qr,EN,Good,Good,Good,working in a team,"add a ""reload the page"" info at the beginning of a chapter ","Yes, please explain.",because I like to experiment and I can code,
2023-08-31 19:14:58,2023-08-31 19:20:18,IP Address,86.187.170.139,100,319,True,2023-08-31 19:20:18,R_3nfxiUGaP2IPXIg,,,,,51.5597,-0.0528,qr,EN,Good,Good,Excellent,"Giving basic information, fit gir beginners",In the moment I can not tell anything.,"Yes, please explain.","I will try to do a model of relocating settlements because of environmental changes, throuhg the middle ages, in an microarea",Do continue!
2023-08-31 19:14:19,2023-08-31 19:20:32,IP Address,86.187.170.58,100,372,True,2023-08-31 19:20:33,R_3HNqS5euY5qnH4u,,,,,52.4867,-1.8989,qr,EN,Sufficent,Good,Good,Workshop and the energy of the speaker,Presenting the scene behind the example in order to talk avout from where data (agent and envrironment) come from,"Yes, please explain.",For circulation of people in an ancient city (Syria) and to test sling antiquity distance,If you change the example more relevant for paleoanthropology than for archaeologists by circular in an architecture or ceramic use or other example linked to technical stuff
2023-08-31 19:16:20,2023-08-31 19:20:55,IP Address,82.132.217.40,100,275,True,2023-08-31 19:20:55,R_2teYH8ONXTIHkSE,,,,,51.4964,-0.1224,qr,EN,Good,Good,Excellent,It is good to work through the tutorial with the help of onsite help.,"The website is still buggy a bit, you have to restart the modules if you run into errors (likes of the code lines reproduce for some reason). It would be also great to get an overarching view on the uses of abm in more complex projects.","Yes, please explain.","I have a big dataset of merchant boats, and I started to look into ABM to model their movement’s impact ","It’s super, thank you!"
2023-08-31 19:18:02,2023-08-31 19:22:22,IP Address,143.117.227.59,100,259,True,2023-08-31 19:22:22,R_ekBIZbJCulMEh2x,,,,,54.5396,-5.975,qr,EN,Good,Good,Excellent,It offers an introduction to and hands-on experience in agent-based modelling and allow us to think about how to code.,It would be great if there are tutorials/examples with more common programming languages such as Python or R.,No,,
2023-08-31 19:07:43,2023-08-31 19:22:36,IP Address,92.184.112.30,100,892,True,2023-08-31 19:22:37,R_27UaPuF012ZBD2g,,,,,48.8582,2.3387,qr,EN,Excellent,Excellent,Excellent,"The tutorial ","More introduction and a conclusion ","Yes, please explain.",Not using them but debating on their use with modern machine learning appociations,
2023-08-31 19:23:20,2023-08-31 19:23:59,IP Address,86.187.162.226,100,38,True,2023-08-31 19:23:59,R_2zLOgpV7qc90VXD,,,,,51.5435,-0.1733,qr,EN,Insufficient,Sufficent,Good,,,"Yes, please explain.",,
2023-08-31 19:23:34,2023-08-31 19:25:15,IP Address,94.109.175.200,100,100,True,2023-08-31 19:25:16,R_1rjIJmoK3QURdJ9,,,,,50.8534,4.347,qr,EN,Good,Excellent,Good,Discovery and explanations step by step,,"Yes, please explain.",I could try to model interactions,
2023-08-31 19:23:24,2023-08-31 19:25:54,IP Address,37.169.12.120,100,149,True,2023-08-31 19:25:54,R_OI5oadkBahOO8sF,,,,,48.8582,2.3387,qr,EN,Excellent,Excellent,Excellent,,,"Yes, please explain.",I would like to try to apply it to the appearance /disappearance of settlements over time in my study area,
2023-08-31 19:23:51,2023-08-31 19:27:09,IP Address,143.117.255.86,100,198,True,2023-08-31 19:27:10,R_3MmM39XURa4xA14,,,,,54.5441,-6.263,anonymous,EN,Excellent,Good,Excellent,it worked! Very many knowledgable and friendly people on hand to help with issues,,"Yes, please explain.","not sure, but I am thinking of using it in teaching","Thanks for organising this. Do you provide workshops in other languages as well, e.g. Spanish?"
2023-08-31 19:23:24,2023-08-31 19:28:09,IP Address,143.117.227.229,100,284,True,2023-08-31 19:28:10,R_78S2oJUV5mdHbk5,,,,,54.5396,-5.975,qr,EN,Excellent,Excellent,Excellent,Tutorials were well thought through,There were a few minor bugs which caused crashes,"Yes, please explain.",I already use MCMC (and ABC) so sort of already do,Very nice workshop
2023-08-31 19:23:57,2023-08-31 19:28:32,IP Address,62.19.185.53,100,274,True,2023-08-31 19:28:32,R_siglZPSeiLzPo3L,,,,,45.4742,9.1994,qr,EN,Excellent,Excellent,Excellent,It was my first approach,There are still small bags,"Yes, please explain.","I do nit know, but it was a nice introduction",It is an important issue
2023-08-31 19:23:08,2023-08-31 19:44:11,IP Address,143.117.225.85,100,1262,True,2023-08-31 19:44:12,R_1dKBu73VefkSRO7,,,,,54.5396,-5.975,qr,EN,Good,Good,Excellent,To be able to do everything at our own speed,"Explain how this type of code uses brackets, i think I got a few error notes because I was using them wrong (if you immediately type in open ","Yes, please explain.",How agents move over/populate/use a landscape,
2023-10-12 15:49:06,2023-10-12 15:50:53,IP Address,144.32.240.2,100,106,True,2023-10-12 15:50:54,R_1eK7RgJ39cQDKJM,,,,,53.9573,-1.0837,anonymous,EN,Good,Excellent,Good,All of it!,Nothing really!,"Yes, please explain.",I am working on human impact on the environment and ABM proves useful for one of my objectives,Kudos for the workshop
2023-10-12 15:24:36,2023-10-12 15:51:57,IP Address,191.177.164.249,100,1640,True,2023-10-12 15:51:58,R_b3LjgBSgDwt1ZBf,,,,,-25.5657,-48.5196,anonymous,EN,Excellent,Excellent,Excellent,The tutorial material was informative and easy to follow.,,"Yes, please explain.","I have used LCP analysis in my research, and it may be interesting to explore other possibilities through ABM.",Very happy with the material that was provided and the opportunity to learn in a practical way. Congratulations
2023-10-12 15:52:49,2023-10-12 15:53:27,IP Address,128.120.237.124,100,37,True,2023-10-12 15:53:28,R_3si8MmoNJDszNX4,,,,,37.8611,-122.2564,anonymous,EN,Excellent,Excellent,Excellent,The self paced online tutorial,,"Yes, please explain.",I was already planning on trying to create a model but was having issues working with NetLogo,
2023-10-12 15:25:11,2023-10-12 16:14:41,IP Address,89.102.134.88,100,2969,True,2023-10-12 16:14:41,R_3kBND7rr5kO0BLY,,,,,49.744,13.3805,anonymous,EN,Good,Good,Good,,,,,
2023-10-12 16:17:45,2023-10-12 16:24:03,IP Address,84.24.128.127,100,377,True,2023-10-12 16:24:04,R_1ouuRXeajv3seio,,,,,52.162,4.4958,anonymous,EN,Excellent,Excellent,Excellent,"The interactivity of the tutorial, it's easy to use and also well-explained. ","The tutorial can have minor bugs sometimes, but nothing major. ","Yes, please explain.","I'm not sure how and when I will apply ABM to my research yet but I think it is an interesting tool to keep in mind as a potential research method. ","It would be amazing to have more workshops like these, or even practice sessions to share insight about how we can help each other learn and use ABM more?"
2023-10-12 16:08:21,2023-10-12 16:29:55,IP Address,88.230.163.248,100,1294,True,2023-10-12 16:29:56,R_2ym84eUVVCgmONE,,,,,38.371,27.1097,anonymous,EN,Excellent,Excellent,Excellent,What I liked the most was the way it was prepared. It's very easy to understand and provides clear instructions for each step.,"I would love to see different models being taught to provide more ideas about what can be done with ABM, such as pottery distribution simulations, construction/building economy simulations, etc.","Yes, please explain.",I would love to use ABM in my research. I mainly study imported amphorae from several settlements in the Pergamon Micro-Region. It could be a great way to explore how they were distributed from coastal sites to inland sites and how they relate to each other.,Thank you for making the time and preparing the material!
2023-10-12 16:17:46,2023-10-12 16:32:26,IP Address,217.19.184.82,100,880,True,2023-10-12 16:32:27,R_b6ZTllYt0UWCz4d,,,,,50.0796,8.2126,anonymous,EN,Excellent,Excellent,Excellent,"Good step-by-step introduction, nice and consistent example.","Some minor and only annoying bugs in the coding area: if you replace the grey exemplary code, the cursor sometimes jumps and deletes the first letter. Sometimes the grey code vanishing (i think it was when i moved the cursor to the right)","Yes, please explain.","Several new ideas with this new tool for me, ask Ronald ;)","Great course, very grateful to get to know that tool."
2023-10-12 16:44:35,2023-10-12 16:46:17,IP Address,194.94.206.186,100,102,True,2023-10-12 16:46:18,R_1NkSFu76SuMvx7w,,,,,50.8929,11.5963,anonymous,EN,Good,Excellent,Excellent,Clear instructions,Part of the code would move/disappear when tying over the example code,"Yes, please explain.",,
2023-10-12 16:32:59,2023-10-12 16:46:42,IP Address,47.63.23.135,100,822,True,2023-10-12 16:46:42,R_2c8hPqha0BQD591,,,,,41.442,2.171,anonymous,EN,Good,Good,Good,the guided procedure,the web interface still has some issues,"Yes, please explain.",i'd like to test landscape exploitation through ABM,
2023-10-12 16:44:26,2023-10-12 16:46:50,IP Address,145.118.196.199,100,144,True,2023-10-12 16:46:50,R_WwKujXpKm0mNakF,,,,,52.1905,4.4756,anonymous,EN,Excellent,Good,Excellent,detailed instructions,"everytime back to the last step, the new code will be reproduced again in the command text","Yes, please explain.",spatial analysis,great wokshop
2023-10-12 16:46:29,2023-10-12 16:47:27,IP Address,193.197.148.111,100,58,True,2023-10-12 16:47:28,R_1nZJJQ0lyeTTnDT,,,,,48.767,9.1827,anonymous,EN,Good,,,,,"Yes, please explain.",,
2023-10-12 16:46:42,2023-10-12 16:47:47,IP Address,145.118.251.93,100,64,True,2023-10-12 16:47:47,R_2q9mttyyGI1Dejq,,,,,52.0565,4.328,anonymous,EN,Excellent,Excellent,Excellent,,"I would like a follow up, on how to add different archaeological data in the models, as it was very interesting.","Yes, please explain.",I might apply it to my masters thesis.,
2023-10-12 16:46:09,2023-10-12 16:48:33,IP Address,193.61.160.157,100,144,True,2023-10-12 16:48:34,R_3qNJtqTIRdtl1iE,,,,,54.7682,-6.0186,anonymous,EN,Good,Good,Good,,,"Yes, please explain.","Not sure - will think about it. ","Could have facilitated more dialogue with the groups. Was pretty much self-directed learning with some more material, and also potentially to show a range of different applications on which it could be used. Nice work. "
2023-10-12 16:45:10,2023-10-12 16:56:18,IP Address,136.199.113.149,100,668,True,2023-10-12 16:56:19,R_1feEaaqGVbtNMDf,,,,,49.75,6.6333,anonymous,EN,Good,Good,Excellent,The step by step mode,"The overtype mode is annoying when you make a mistake and can't find it, so you have to do it all over again","Yes, please explain.",Roman recource management,Please continue! Thanks a lot!
2023-10-12 16:44:38,2023-10-12 17:00:07,IP Address,84.145.49.86,100,928,True,2023-10-12 17:00:08,R_24GgCrZzvDW72OX,,,,,49.197,12.5148,anonymous,EN,Good,Excellent,Good,The step-by-step approach with great explanations of what you need to do and what that does to the model.,For me the Pause button didn't quite work. I was able to pause the tutorial but couldn't resume to where I was later on. Had to start the tutorial over instead.,"Yes, please explain.","I think (or hope, rather) that it will be useful in helping to understand certain ongoings in the development of a settlement or city throughout the centuries.",Thank you all so much for putting so much effort into making the learning experience for ABM so interesting and easy!
2023-10-12 16:46:59,2023-10-12 17:05:19,IP Address,176.201.77.32,100,1099,True,2023-10-12 17:05:21,R_10A6QPn1w6Ufv1V,,,,,40.8655,14.5517,anonymous,EN,Good,Sufficent,Good,The practical approach,"The teaching material sometimes stopped work, leading us to restart the tutorial. It will be better if this doesn't happen","Yes, please explain.",For Site Catchment Modeling,This workshop was very usefull for a student like me. Thank You.
2023-10-12 16:46:07,2023-10-12 17:26:12,IP Address,193.0.101.217,100,2405,True,2023-10-12 17:26:13,R_3qwLCioSq2m2AIk,,,,,52.2296,21.0067,anonymous,EN,Good,Excellent,Good,Step-by-step tutorial is definitely a great way to star of an exploration within ABM topic. Every single item was properly explained.,"Stability. Sometimes application just shut down or ""freeze"". ","Yes, please explain.",Well... So far I'm thinking about possible filed in my research for ABM. Time will tell :),
2023-10-13 18:46:28,2023-10-13 18:46:48,IP Address,151.28.237.57,100,19,True,2023-10-13 18:46:48,R_2Ce6WVjtLSpGbSL,,,,,41.8904,12.5126,anonymous,EN,Good,Good,Excellent,,,No,,
2023-11-16 12:40:55,2023-11-16 12:41:27,IP Address,89.205.135.26,100,32,True,2023-11-16 12:41:28,R_OE8S9aYh37SYeid,,,,,52.0075,5.9488,qr,EN,Good,Sufficent,Good,Practice,,,,
2023-11-16 12:40:52,2023-11-16 12:42:01,IP Address,89.205.132.157,100,69,True,2023-11-16 12:42:02,R_ufxqT9OmBUm4vDj,,,,,51.9187,4.4721,qr,EN,Good,Sufficent,Good,"The varieritys of possibilities ",Less bugs,"Yes, please explain.","In the future when i graduate ",
2023-11-16 12:41:08,2023-11-16 12:42:44,IP Address,77.63.111.192,100,96,True,2023-11-16 12:42:45,R_2qmUIMPR5l0MPos,,,,,51.9895,4.6706,qr,EN,Sufficent,Good,Good,"The tutorial ",Doing an exercise together on screen,"Yes, please explain.",I'd like to publish an article using ABM in the future,
2023-11-16 12:41:37,2023-11-16 12:42:48,IP Address,77.63.33.10,100,70,True,2023-11-16 12:42:48,R_3oZ69bXwgBtbfTQ,,,,,52.119,5.4005,qr,EN,Sufficent,Sufficent,Good,The web based,The layout could be better during the course,"Yes, please explain.",,
2023-11-16 12:41:40,2023-11-16 12:42:48,IP Address,84.241.203.110,100,68,True,2023-11-16 12:42:49,R_wRUbUcWMPWviFkB,,,,,51.9187,4.4721,qr,EN,Sufficent,Good,Excellent,Working with the code,The turtorial crashes sometimes,"Yes, please explain.","Idk yet, would like to do some more reading on it",
2023-11-16 12:41:35,2023-11-16 12:43:06,IP Address,109.37.148.113,100,90,True,2023-11-16 12:43:06,R_3kLnsY2D1f40Hue,,,,,52.4091,4.8896,qr,EN,Good,Good,Good,How you can try it by yourself,Less bugs,"Yes, please explain.",How to visiulize research to a broader public,
2023-11-16 12:42:52,2023-11-16 12:44:24,IP Address,109.37.136.112,100,91,True,2023-11-16 12:44:24,R_7ZBbTmfS1uMxmMh,,,,,52.1592,5.3849,qr,EN,Good,Good,Excellent,The gradual building of the material. The fact its suitable for people with no prior experience in Coding,More time ;),"Yes, please explain.",,
2023-11-16 12:41:17,2023-11-16 12:44:41,IP Address,80.112.251.178,100,203,True,2023-11-16 12:44:41,R_1r7AsslxWJzRYM1,,,,,52.6822,5.0154,qr,EN,Good,Sufficent,Good,Step by step guide + visuals showing what happens,Some minor bug fixes,No,,No
2023-11-16 12:41:34,2023-11-16 12:44:46,IP Address,188.189.150.55,100,192,True,2023-11-16 12:44:47,R_2y7XFrcNmzKX3iM,,,,,50.8534,4.347,qr,EN,Excellent,Excellent,Excellent,Interactive teaching,/,No,,Thank you!
2023-11-24 14:58:11,2023-11-24 14:59:52,IP Address,142.117.140.211,100,101,True,2023-11-24 14:59:53,R_2bNWkzcTFauGFrT,,,,,45.5312,-73.5863,anonymous,EN,Good,Good,Excellent,interactive material,more workshop!,"Yes, please explain.",developping a model of prehistoric mobility and raw material procurement,"Thank you! "
2023-12-12 15:20:21,2023-12-12 15:21:40,IP Address,5.132.81.139,100,79,True,2023-12-12 15:21:41,R_2wghWVFWn0ofTAp,,,,,52.0821,5.108,anonymous,EN,Good,Good,Good,Being allowed to apply the concepts from the tutorial and figure stuff out on our own,,No,,
2023-12-12 15:31:07,2023-12-12 15:33:00,IP Address,77.248.249.5,100,113,True,2023-12-12 15:33:01,R_1Ed5qUC2UvDxgIm,,,,,51.822,4.783,anonymous,EN,Sufficent,Sufficent,Sufficent,The step by step and guiding tutorial,Maybe more examples? I did not really miss it in class though we had a hard time starting the project due to lack of prior knowledge about the possibilities of the program,No,,
2023-12-12 16:38:52,2023-12-12 16:43:01,IP Address,80.112.160.20,100,248,True,2023-12-12 16:43:01,R_2usvRUyhccu2fQQ,,,,,52.17,4.4728,qr,EN,Good,Good,Excellent,"That the software is very accessible and easy to use, even for people less acquainted with coding ","Sometimes the tutorial crashed, making you re-do several steps before you could contribute where you were",No,,"Really good structure with tutorials before the in class section, because this familiarized us with the programme "
2023-12-13 19:01:25,2023-12-13 19:08:55,IP Address,194.34.235.170,100,449,True,2023-12-13 19:08:55,R_2CBSU7x5GrotyFy,,,,,53.3379,-6.2591,anonymous,EN,Good,Good,Good,The follow-along coding style.,"The follow along coding is a bit awkward, often the first line gets deleted. Just a general bug",No,,Really good!
2024-01-22 16:44:31,2024-01-22 16:45:03,IP Address,130.225.4.18,100,31,True,2024-01-22 16:45:04,R_4lJiutDbOKqMsor,,,,,56.1313,10.1339,anonymous,EN,Excellent,Excellent,Excellent,everything,nothing,"Yes, please explain.",for my research,congrats!
2024-01-22 16:44:32,2024-01-22 16:45:44,IP Address,92.70.166.63,100,72,True,2024-01-22 16:45:44,R_2rtCmLvXVXT1dTP,,,,,51.7083,5.3026,anonymous,EN,Excellent,Excellent,Excellent,The presentations were clear and the workshop material is great!,,"Yes, please explain.",I will look into applying ABM in anthropology and the social sciences in general,Thank you for this great work!
2024-01-22 16:44:35,2024-01-22 16:45:53,IP Address,95.93.98.20,100,77,True,2024-01-22 16:45:53,R_4aDn9oSHkEMoYW8,,,,,37.0658,-8.1026,anonymous,EN,Excellent,Excellent,Excellent,"Very user friedly of begginer users and easy to follow through ",,,,
2024-01-22 16:45:10,2024-01-22 16:46:25,IP Address,193.28.36.97,100,75,True,2024-01-22 16:46:26,R_4JDlC2D4bknIQjP,,,,,53.3858,-1.4616,anonymous,EN,Excellent,Excellent,Excellent,"i think the tutorial is fantastic and it was great having support available ","More of these! ","Yes, please explain.","Yes, my PhD formed a static model of Catalhoyuk's agricultural system and i would love to expand it to an ABM model ","Would love to attend more workshops on this, more classes! "
2024-01-22 16:44:37,2024-01-22 16:47:39,IP Address,2.217.174.133,100,181,True,2024-01-22 16:47:39,R_8DokfVBDDnWMtPH,,,,,55.8393,-4.2892,anonymous,EN,Good,Excellent,Excellent,"I really liked the tutorials, I found them straightforward, easy to follow, and they contained just enough information without being overwhelming","Perhaps making the materials available earlier on the workshop day, as it took some time to figure out the download etc.","Yes, please explain.","While it might not be applicable to my research right away, this is something I would be very keen to explore moving forward","I really enjoyed learning about ABM and specifics of the software as a complete beginner, thank you!"
2024-01-22 16:45:13,2024-01-22 16:48:25,IP Address,93.34.82.94,100,191,True,2024-01-22 16:48:25,R_8dQJQJfgUJvrH7U,,,,,44.488,11.3752,anonymous,EN,Excellent,Excellent,Excellent,The tutorial is incredibly complete and clear and answers all your doubts in advance.,,"Yes, please explain.","since I'm in a master degree, I could consider the possibility to apply ABM for the final thesis.","Very well structures course, especially for beginners."
2024-01-22 16:44:34,2024-01-22 16:48:58,IP Address,47.146.43.74,100,264,True,2024-01-22 16:48:59,R_50pFpBEWndcqlpE,,,,,34.1203,-117.7703,anonymous,EN,Sufficent,Good,Excellent,The tutorials are self explanatory,Create a tutorial taking us step by step (including code writing) into the creation of the Ansazi model. Tutorials 2-4 are great but we are left not knowing how to sucessively create a model with NetLogo,"Yes, please explain.",Modeling pottery use throughout a region of the Near East,Great team. Would very much like to have another session after we would have played with NetLogo
2024-01-22 16:44:43,2024-01-22 16:49:55,IP Address,92.62.57.122,100,311,True,2024-01-22 16:49:55,R_1NxAa6XGdBMI3zL,,,,,59.8983,30.2618,anonymous,EN,Excellent,Excellent,Excellent,"Interactivity, accessibility and the focus on practical skills, permission to go at your own pace and revisit the materials later","There could be a brief mention of some recent research in archaeology that applied ABM ",No,,"Thank you for putting everything together! "
2024-01-22 16:44:58,2024-01-22 16:51:03,IP Address,5.171.253.135,100,364,True,2024-01-22 16:51:03,R_5MRrk6Xc8J9ZLHy,,,,,43.1479,12.1097,anonymous,EN,Excellent,Good,Good,The mixed structure (individual learning+lesson),"Nothing ","Yes, please explain.","I think I will do more research on integrating socio-ecological models and ABM. I would like to explore the possibility of applying ABM in the Human-Environment relationship in wetland and coastal environments. ",-
2024-01-22 16:52:01,2024-01-22 16:53:03,IP Address,81.136.44.17,100,61,True,2024-01-22 16:53:03,R_6fecP3QASWYs83J,,,,,53.4344,-2.2664,anonymous,EN,Excellent,Excellent,Excellent,Easy to follow tutorial that didn't expect you to have any preexisting knowledge,,No,,"No, really enjoyed it and I look forward to practicing more. "
2024-01-22 16:51:10,2024-01-22 16:55:23,IP Address,57.128.140.174,100,252,True,2024-01-22 16:55:24,R_7V0BhFnzXBJt0ZP,,,,,51.4964,-0.1224,anonymous,EN,Good,Sufficent,Excellent,easy-to-go introduction through NetLogo,,"Yes, please explain.","I am currently worknig on my phd disseration regarding landscape anthropogenic and environmental dynamics in a 3 thousand year time span. so in order to be able to predict what is already lost in the environment, I would like to use ABM to recreate and have an overview of the data which might have been lost.","The workshop was really great, and I would follow up all the outcomes and further elaborations."
2024-01-22 16:56:06,2024-01-22 17:01:21,IP Address,178.40.238.246,100,314,True,2024-01-22 17:01:21,R_202n5cYoe0Eh74v,,,,,49.1776,18.7528,anonymous,EN,Good,Good,Good,,I'd suggest a little bit more guided training as part of the online course while letting participants do the self-tutorials afterwards,"Yes, please explain.","no specific research question at the moment, but might make use of it in the future",
2024-01-22 16:44:34,2024-01-22 17:08:44,IP Address,31.54.152.58,100,1449,True,2024-01-22 17:08:44,R_5HFaBvXU66asG8M,,,,,51.4566,-0.968,anonymous,EN,Excellent,Excellent,Excellent,Easy to follow tutorial with clear instructions and explanations,"Possibly more interactive with the instructors, but this is hard over zoom!","Yes, please explain.","Hoping to use ABM to model the use, reuse, and recycle of copper alloy objects in Roman and early medieval Britain for the project that I am working on (REMADE - Roman and Early Medieval Alloys Defined)",Thank you so much for putting on this workshop and for making it open/accessible to so many archaeologists!
2024-01-25 10:31:01,2024-01-25 10:32:10,IP Address,91.182.147.239,100,68,True,2024-01-25 10:32:11,R_10diUeZ1akcsukA,,,,,51.2192,4.3917,anonymous,EN,Good,Good,Good,the accessability,"a little more examples ","Yes, please explain.",I'll use it in my Phd for tradenetworks,Excellent materials!
2024-01-25 10:31:03,2024-01-25 10:32:46,IP Address,84.218.125.229,100,103,True,2024-01-25 10:32:47,R_3Y35EEogNJPtRuL,,,,,55.7037,13.1946,anonymous,EN,Excellent,Excellent,Excellent,"Being able to work through the tutorial in my own time. ",-,No,,"Thank you! "
2024-01-25 10:31:26,2024-01-25 10:33:06,IP Address,183.171.191.166,100,100,True,2024-01-25 10:33:07,R_431frXOVl5foHL3,,,,,3.1408,101.6852,anonymous,EN,Good,Excellent,Excellent,learning the tutorial,maybe go through the tutorial with the participants once before letting us explore by ourselves,"Yes, please explain.","I do research on rock art of Southeast Asia, was thinking that maybe this can help to identify how rock art locations were selected",n/a
2024-01-25 10:31:09,2024-01-25 10:33:21,IP Address,62.117.232.116,100,131,True,2024-01-25 10:33:21,R_480XhJTkgZMyDPX,,,,,43.3699,-8.4096,anonymous,EN,Excellent,Excellent,Excellent,The introduction was very clearly explained and the tutorials are engaging and easy to follow,.,"Yes, please explain.","I want to try to use it but I need to learn more to understand how to do that. ","I would have like a bit of a longer introduction before starting with the materials, maybe with an in-depth example of the use of ABM. "
2024-01-25 10:31:29,2024-01-25 10:33:39,IP Address,109.59.215.119,100,129,True,2024-01-25 10:33:39,R_5HnNcQGBnsP3bNb,,,,,55.6802,12.5892,anonymous,EN,Sufficent,Good,Sufficent,"It has been nice to be introduced to ABM as a methodology. ","I would like more examples on how to use these models, or ideas where it may be (or have been used). ","Yes, please explain.","I would really like to make some sort of model based on bronze age metals in Italy, however I am unsure how to go about this. I believe the method may be useful. Either that or create an ABM over the rise and subsequent fall of the terramare peoples. ","Thank you for this opportunity. "
2024-01-25 10:31:26,2024-01-25 10:36:31,IP Address,217.178.207.174,100,304,True,2024-01-25 10:36:31,R_433KNhLA2bXQtXo,,,,,35.6897,139.6895,anonymous,EN,Good,Excellent,Excellent,"The fact that the explanations were short and concise, but at the same time very practical.","The presentation at the beginning was a bit too fast to follow, maybe 5 more minutes would be enough to follow with less 'rush'.","Yes, please explain.","Not knowing the theory I've never considered it, but dealing with local community-wetland relationships I think I'll think about how to apply it.",
2024-01-25 10:31:40,2024-01-25 10:36:51,IP Address,134.245.80.102,100,311,True,2024-01-25 10:36:52,R_4VeIaMiICKmuVgP,,,,,54.3483,10.1203,anonymous,EN,Excellent,Good,Good,Simple step-by-step which is very easy to follow,Have the big boxes of text not appear (in the first course part) while the simulation is going on but maybe before or after,No,,
2024-01-25 10:30:54,2024-01-25 10:36:57,IP Address,126.248.133.209,100,363,True,2024-01-25 10:36:58,R_4CZqz5DbL3EztN0,,,,,35.6609,139.7448,anonymous,EN,Excellent,Excellent,Excellent,The step by step process of the course is very easy to follow.,"Hard to tell at this point, would need to finish the course first. ","Yes, please explain.","I have some reasonably large data sets that I've used in other projects and it would be interesting to see if there are some ways to reutilize the data with an ABM focus. ","I really appreciate this workshop. I've had an interest in ABM for a while but haven't had the time to sit down and start working through the Agent-Based Modeling for Archaeology book. This workshop provides an easy onramp to start digging further into more advanced materials. "
2024-01-25 10:30:55,2024-01-25 10:36:59,IP Address,92.41.230.105,100,364,True,2024-01-25 10:36:59,R_2uV8h7MrGVqiUCY,,,,,51.5484,0.1716,anonymous,EN,Excellent,Excellent,Excellent,"The fact that they had a quick introduction and then we were given enough time to go through the tutorial on our own pace. Since it was something totally new to me, that personal time was a great idea. Also the material and the links that we were provided so we can do our own research and reading afterwards. Very friendly speakers!    ","Nothing particular. ",No,,Keep up the good work! Thank you!
2024-01-25 10:31:24,2024-01-25 10:37:30,IP Address,193.55.175.19,100,365,True,2024-01-25 10:37:30,R_2FP2XkQbNn7b9mh,,,,,43.6046,1.4451,anonymous,EN,Good,Excellent,Excellent,A soft introduction and the very friendly/ helpful guide in the tutorials.,"A better introduction on how, the tutorial worked. Just shortly saying: ""Okay so you're going to open a webbrowser by following that file, then it will take you directly to the webpage. Also maybe taking us a bit more into the coding tap, because this is really the space that is unfamiliar to archaeologists, or at least the most of us.","Yes, please explain.","I used ABM for my master's dissertation and is also using it in my PhD project is using ABM for archaeological investigation on hominin dispersal. Still not sure whether it will be done in NetLogo, but I do like the platform and especially the easy coding language.","Thank you for doing this, this methodology should be spread more out into archaeological circles, since it's such a useful tool."
2024-01-25 10:36:25,2024-01-25 10:38:12,IP Address,109.131.91.55,100,107,True,2024-01-25 10:38:12,R_6b2lhHttuaJIGQy,,,,,51.047,3.7206,anonymous,EN,Good,Excellent,Good,,Go over the Tutorial in a bit more detail,"Yes, please explain.",Always aimed at using more formal models to better understand my research,
2024-01-25 10:31:48,2024-01-25 10:40:03,IP Address,79.117.216.127,100,494,True,2024-01-25 10:40:04,R_6FWkqDs81gYRl3r,,,,,41.1245,1.2319,anonymous,EN,Sufficent,Sufficent,Sufficent,,,No,,"thank you so much, it will be nice if there is any exercises  "
2024-01-25 10:51:27,2024-01-25 10:54:58,IP Address,212.98.72.254,100,211,True,2024-01-25 10:54:58,R_5f7Sm9b2IlKgkVv,,,,,56.4394,9.4096,anonymous,EN,Excellent,Excellent,Good,Very easy go to guide,,"Yes, please explain.",Hopefully this tutorial introduction initiates my adventure into ABM and to research,
2024-01-25 10:51:33,2024-01-25 10:57:01,IP Address,87.228.218.80,100,327,True,2024-01-25 10:57:01,R_2TF30HHQhCMxIsu,,,,,34.6874,33.0366,anonymous,EN,Excellent,Excellent,Excellent,,More interaction,"Yes, please explain.",I will try,Perhaps making it more interactive with the people
2024-01-25 10:51:39,2024-01-25 10:57:16,IP Address,83.35.191.21,100,336,True,2024-01-25 10:57:16,R_5MMWzOMOnWfLUI1,,,,,42.8769,-8.5471,anonymous,EN,Excellent,Excellent,Excellent,the step by step tutorial and how accessible it is,n/a,"Yes, please explain.","i would like to test using abm for modelling navigation in a megalithic landscape, and how this is affected by the placement of dolmens. for starters.",thank you very much for making this an accessible topic!
2024-01-25 10:30:49,2024-01-25 11:00:41,IP Address,37.143.212.201,100,1792,True,2024-01-25 11:00:42,R_4i9QheKSmoHHERP,,,,,42.6951,23.325,anonymous,EN,Good,Excellent,Good,The training materials are very thorough but divided in comprehensible parts which makes it easy to understand.,There are several bug in the interface but those can only be cleaned by more testing and sharing.,"Yes, please explain.",I see the potential of ABM in archaeology but will need more practice with it in order to figure out how to best implement it.,The text fields of this survey could be made larger so the whole text can be visible.
2024-01-25 10:30:51,2024-01-25 11:03:32,IP Address,104.28.62.71,100,1961,True,2024-01-25 11:03:33,R_41FaAewjnr4niPJ,,,,,45.4722,9.1922,anonymous,EN,Excellent,Excellent,Excellent,Really well-made interactive material,"Maybe a longer explanation of the case study in the intro, or after the training. For instance discussing a published case study while looking at the code behind it","Yes, please explain.","Yes, I will surely play with NetLogo (if I am able to learn it) or move to more familiar programming languages. It can be a useful way to model plant dispersal or behavioral research (i.e. the adoption of certain innovations)",
2024-01-25 16:30:05,2024-01-25 16:30:41,IP Address,109.115.103.20,100,35,True,2024-01-25 16:30:42,R_2mUPGmQ9bt8TzmV,,,,,43.8364,11.2058,anonymous,EN,Good,Good,Good,,,"Yes, please explain.",,
2024-01-25 16:30:06,2024-01-25 16:40:50,IP Address,134.184.232.107,100,643,True,2024-01-25 16:40:50,R_2qb6FPU8iBWKeC5,,,,,50.8344,4.368,anonymous,EN,Good,Good,Good,The interactiveness and the possibility to ask questions as the tutorials go,,"Yes, please explain.","It's more intuitive than a conviction at this point, but as my research focuses on human mobility in regard to the surrounding environement, there could be some potential","No, just thanks :)"
2024-01-25 16:40:00,2024-01-25 16:43:41,IP Address,77.80.52.94,100,221,True,2024-01-25 16:43:42,R_2tGd9ycT9Q2hX3B,,,,,48.1933,16.3727,anonymous,EN,Excellent,Good,Excellent,"I liked that you had a very interesting grip of ABM, and that you have provided lots of extra material for further reading.","I think perhaps you could divide it to two - absolute beginner and a more advanced, where you could elaborate more on data modelling and data acquisition, so a bit more about the 'backend' of the process. ","Yes, please explain.","I primarily use geospatial statistics and modelling, but I think it would be interesting to run some ABM on my data as well, so I might give it a go.",Thanks for the fun and interesting initiative!
2024-01-25 16:44:29,2024-01-25 16:47:44,IP Address,95.168.120.27,100,195,True,2024-01-25 16:47:45,R_44zWH0XCKOIG3T0,,,,,45.7953,15.9988,anonymous,EN,Good,Excellent,Excellent,the easy- to- understand way the presenters explained ABM,I`m not sure yet,"Yes, please explain.",I hope to use it in my doctoral research,keep doing the good job
2024-01-25 16:30:08,2024-01-25 16:48:22,IP Address,171.76.83.137,100,1093,True,2024-01-25 16:48:22,R_4rPsky1fwzUFr53,,,,,12.9634,77.5855,anonymous,EN,Good,Excellent,Good,,,"Yes, please explain.",,
2024-01-25 16:51:00,2024-01-25 16:55:45,IP Address,150.209.76.242,100,285,True,2024-01-25 16:55:46,R_7k1UB5InCjoMpX2,,,,,43.0231,-75.2649,anonymous,EN,Excellent,Excellent,Excellent,"The step-by-step tutorials are both great at guiding through the netlogo interface while also building up the skills to understand how to navigate independently.  The examples are incredibly helpful!  ","N/A, very helpful!","Yes, please explain.","I have been working towards examining household archaeology using ABM, setting the bound space as the House space and then providing various social identifiers and actions to agents to help see what kind of interactions may result in different kinds of archaeology material",Thank you so much for offering this workshop! If there's an ABM listserv/discord/community hub for discussing/using ABM directly with data would love to join
2024-01-25 16:54:39,2024-01-25 16:58:09,IP Address,82.10.244.112,100,209,True,2024-01-25 16:58:09,R_5YqVJO8uPcQoHfF,,,,,53.4044,-3.0715,anonymous,EN,Excellent,Excellent,Excellent,I loved how accessible the tutorials are. I can work at my own pace and get guided helpfully,"Potentially an overall .pdf laying out each tutorial's objectives - just so at the end of all the tutorials I can see an overview of what I've learnt ","Yes, please explain.",I hope to apply this in potential PhD research to Iron Age populations in Britain,"Everything was superb, really informative, accessible and helpful. In a short space of time, the power of ABM was conveyed :)"
2024-01-25 16:30:06,2024-01-25 16:59:02,IP Address,79.116.134.177,100,1735,True,2024-01-25 16:59:02,R_2sTjHiuPKTl2pmE,,,,,40.4172,-3.684,anonymous,EN,Good,Excellent,Excellent,Very simple and informative guiding into ABM.,"Everything was good. ","Yes, please explain.",I am not sure but I may use it to understand the seasonal migration patterns of prehistoric species.,"No, thank you!"
2024-01-25 16:53:42,2024-01-25 16:59:09,IP Address,90.197.136.176,100,327,True,2024-01-25 16:59:10,R_7QDafli9ZRxkh60,,,,,54.9912,-1.5336,anonymous,EN,Good,Excellent,Good,"the interactive learning with the web setting, alongside an online Q&A session",more case studies,"Yes, please explain.",mechanisms of urban process,Smoothly organised and practically instructive
2024-01-25 16:30:10,2024-01-25 17:01:04,IP Address,151.38.227.197,100,1854,True,2024-01-25 17:01:05,R_8g6DZXKUYigTSHv,,,,,45.4742,9.1994,anonymous,EN,Excellent,Excellent,Excellent,We were guided step by step through the entire process and it was really usefull,Having zero knowledge at all about ABM I found it perfect,,,
2024-01-25 16:30:07,2024-01-25 17:01:21,IP Address,82.154.124.231,100,1874,True,2024-01-25 17:01:22,R_8w1sxAuJkbqmECh,,,,,38.8591,-9.0571,anonymous,EN,Excellent,Excellent,Excellent,Everthing was fine and the authors were always ready to help,,"Yes, please explain.",I will try to apply ABM to my reseach about the evolution of the bronze age communities in portuguese territory (Estremadura region),
2024-01-25 16:42:16,2024-01-25 17:01:30,IP Address,95.89.220.104,100,1153,True,2024-01-25 17:01:30,R_2lR1WdC74bx8SQx,,,,,54.3059,10.1423,anonymous,EN,Good,Excellent,Good,I liked that the material used for the tutorial is based on real archaeological case studies. Also step-by-step interactive process seems like an appropriate way to learn ABM.,"The participants might have questions after they have completed all tutorials. So the follow-up Q/A session would be nice, or the possibility to ask questions once the participants know more of ABM (maybe there is a way to ask questions after the tutorials already).","Yes, please explain.","It seems like a great tool to use in Paleolithic archaeology. I am mostly interested in human niche construction. ",
2024-01-25 16:30:34,2024-01-25 17:03:19,IP Address,134.2.251.21,100,1964,True,2024-01-25 17:03:19,R_8q80cAepv0SlXPz,,,,,48.5271,9.0705,anonymous,EN,Excellent,Good,Excellent,The training part,More explanations/ examples about the practical uses of it in archaeology,"Yes, please explain.",Reconstruction of Palaeoenvironments,Thank you a lot! Hope to see you in other exciting projects also in the future!
2024-01-25 16:30:18,2024-01-25 21:06:32,IP Address,128.189.85.242,100,16573,True,2024-01-25 21:06:33,R_6M4LdHMIKYF4JKW,,,,,49.4645,-122.84,anonymous,EN,Good,Excellent,Excellent,Everything was very clear and easy to follow,I think seeing a live presentation of someone completing the ABM would be beneficial and talk about it's application in further details with examples.,"Yes, please explain.",Looking at the progression of curse tablets through the Roman Empire,Good overall program!
