"","Start.Date","End.Date","Response.Type","Progress","Duration..in.seconds.","Finished","Recorded.Date","Response.ID","Distribution.Channel","How.would.you.rate.the.workshop.in.general.","How.would.you.rate.the.teaching.material.","How.would.you.rate.the.trainers.teachers.","What.aspects.did.you.like.most.","What.would.you.like.to.see.changed..What.could.be.better.different.","Do.you.think.that.you.will.apply.ABM.to.your.own.research..If.yes..can.you.elaborate....Selected.Choice","Do.you.think.that.you.will.apply.ABM.to.your.own.research..If.yes..can.you.elaborate....Yes..please.explain....Text","Do.you.have.any.general.feedback.for.us.","Workshop"
"1","2023-04-03 16:11:24","2023-04-03 16:13:06","IP Address",100,102,"True","2023-04-03 16:13:07","R_3p8VFAlXyY9SQrH","qr","Excellent","Excellent","Excellent","","","Yes, please explain.","I think it is necceseary if you try to explain human behavior based on scarce material records. Much better than traditional stories about the past.","","202304_CAA"
"2","2023-04-03 16:18:13","2023-04-03 16:19:01","IP Address",100,47,"True","2023-04-03 16:19:01","R_2ZUjBO1RJwM4BgI","qr","Sufficient","Sufficient","Excellent","","Less crashes :)","Yes, please explain.","I am using it for my PhD ","","202304_CAA"
"3","2023-04-03 16:18:10","2023-04-03 16:19:12","IP Address",100,62,"True","2023-04-03 16:19:12","R_3oyHQAbYlNLnouq","qr","Good","Excellent","Good","Interactivity ","","Yes, please explain.","Very useful tool for modelling prehistoric demography ","","202304_CAA"
"4","2023-04-03 16:18:24","2023-04-03 16:19:29","IP Address",100,64,"True","2023-04-03 16:19:29","R_12mO4Yb0g9AhvaP","qr","Sufficient","Sufficient","Excellent","","",NA,"","","202304_CAA"
"5","2023-04-03 16:18:17","2023-04-03 16:19:36","IP Address",100,78,"True","2023-04-03 16:19:37","R_1EZ2k6KNVHAWu9R","qr","Good","Sufficient","Excellent","The way the tutorial works, taking you through it step by step","It did crash a bit to often","No","","","202304_CAA"
"6","2023-04-03 16:18:13","2023-04-03 16:19:37","IP Address",100,84,"True","2023-04-03 16:19:38","R_9ZhcosXOIROLH3j","qr","Excellent","Good","Excellent","It is very practical ","I would like more specific implementations depending on the audience interests","Yes, please explain.","For data viewing ","Keep the good work!!","202304_CAA"
"7","2023-04-03 16:18:04","2023-04-03 16:19:42","IP Address",100,98,"True","2023-04-03 16:19:42","R_2UhFAJJTq2qol9u","anonymous","Good","Good","Good","The workshop","Less bugs","No","","","202304_CAA"
"8","2023-04-03 16:20:06","2023-04-03 16:20:33","IP Address",100,27,"True","2023-04-03 16:20:34","R_3p5BinBma8UPX5g","qr","Good","Good","Good","","","Yes, please explain.","","","202304_CAA"
"9","2023-04-03 16:18:20","2023-04-03 16:21:17","IP Address",100,177,"True","2023-04-03 16:21:18","R_1dofwDIhF5BqyIJ","qr","Sufficient","Sufficient","Sufficient","The tutorial","A deeper explination of how the methods actually works, not just what the methods are good for","Yes, please explain.","I am not sure yet but i do see how this could be used to figure out migration patterns","","202304_CAA"
"10","2023-04-03 16:18:57","2023-04-03 16:23:33","IP Address",100,275,"True","2023-04-03 16:23:34","R_27TdrpxhAtxeLsq","anonymous","Good","Good","Good","Flow of the tutorial","If more archaeological examples gievn","Yes, please explain.","1) A new way to explore my current PhD data; 2) Socio-political movements in Indian sucontinent from 600 BC to 1000CE","May be give more info about code-components which we are using in the tutorial. ","202304_CAA"
"11","2023-04-03 16:18:20","2023-04-03 16:23:52","IP Address",100,332,"True","2023-04-03 16:23:53","R_dgrTVVnZm8cGM9z","qr","Excellent","Good","Excellent","practical tutorial,  clear introduction ","additional exercises, i.e. being presented with a theory and develop an ABM to test it","Yes, please explain.","testing scenarios and hypotheses","Well done! make it open source as soon as possible :) but before that, remove the bugs (e.g. lines inserted at the wrong place, extent for the patches doesn't match the extent of the imported map, missing brackets etc.).","202304_CAA"
"12","2023-04-03 16:19:20","2023-04-03 16:24:19","IP Address",100,299,"True","2023-04-03 16:24:20","R_2wGEEk4oLAwHmpr","qr","Good","Excellent","Excellent","We learn practicing","Probably, it will be nice understand a little more the si tax of scripts.","Yes, please explain.","Yes. I would love to apply ABM to my own research and compare with other cases. ","Just my comment about the general syntax of script. ","202304_CAA"
"13","2023-04-03 16:22:00","2023-04-03 16:24:33","IP Address",100,152,"True","2023-04-03 16:24:33","R_2qjTD5dppfWs2ZA","qr","Good","Good","Good","","","Yes, please explain.","Not sure yet how but interesting perspective ","","202304_CAA"
"14","2023-04-03 16:19:11","2023-04-03 16:24:57","IP Address",100,346,"True","2023-04-03 16:24:58","R_1luFWAlIQem63Cb","anonymous","Good","Excellent","Excellent","own pace, clear instructions and explanations","if you don't do what the tutorial is expecting it doesn't follow you, also some graphic errors (popup window on the button supposed to click on...)","Yes, please explain.","not sure yet, I need to learn more about it!","","202304_CAA"
"15","2023-04-03 16:18:28","2023-04-03 16:25:19","IP Address",100,410,"True","2023-04-03 16:25:19","R_xucIAKdDQS3sO6R","qr","Sufficient","Sufficient","Good","The concept of abm and the idea of an interactive tutorial","A functional interface XD -no overlapping messages, tutorial messages appear under the ui elements, possibility to skip a step, ""green surface"" looks white on my device - describe it better, adaptations for the main three browsers or indication of which browser to use, LARGER MAP","Yes, please explain.","I want to try modeling trade this way","If the online tutorial is going to be functional, we can use the time in presence to discuss nuances (having done the tutorial at home) especially about how it can be used, when it can be applied, how to compare and experiment, what pitfalls there are when comparing simulations under different conditions","202304_CAA"
"16","2023-04-03 16:25:09","2023-04-03 16:26:45","IP Address",100,96,"True","2023-04-03 16:26:46","R_1Cx0TdozGzMFcaq","anonymous","Excellent","Good","Excellent","ABM in R","bugs removed","Yes, please explain.","","Great work! Thank you!","202304_CAA"
"17","2023-04-03 16:24:57","2023-04-03 16:27:23","IP Address",100,145,"True","2023-04-03 16:27:24","R_1mrcs9zGOU3cYrr","anonymous","Excellent","Excellent","Excellent","step-by-step approach with explanations for each part","further bug solutions",NA,"","","202304_CAA"
"18","2023-04-03 16:24:56","2023-04-03 16:27:43","IP Address",100,166,"True","2023-04-03 16:27:43","R_26fNlCFDDgnwCZ8","anonymous","Sufficient","Good","Excellent","It was nice to see passionate trainers willing, not only to teach, but to improve as we went through","It appears that NetLogo was overfitting at times","Yes, please explain.","I am certainly going to pass this on to my colleagues, who could use this in the 2023 summer field season","","202304_CAA"
"19","2023-04-03 16:27:36","2023-04-03 16:30:30","IP Address",100,174,"True","2023-04-03 16:30:31","R_pMFNsaQElCSuz4d","anonymous","Good","Excellent","Excellent","it is a creative way of visualizing research data","I have to explore more before, I can make any suggestion ","Yes, please explain.","for the Oot of Africa hupothesis I am exploring possiblitines of its uses in certain geographical area","I was a nice start with new things that helps archaeological data to interprate better way ","202304_CAA"
"20","2023-04-03 16:24:57","2023-04-03 16:33:22","IP Address",100,504,"True","2023-04-03 16:33:22","R_1jBdRzkQBbkBJD0","anonymous","Excellent","Excellent","Excellent","The teaching flow was really productive","Probably the length was insufficient. It would be better to create 2 workshops.","Yes, please explain.","I am planning a project that will apply ABM in anthropological data (demography, osteometry, isotope data)","","202304_CAA"
"21","2023-04-03 16:41:25","2023-04-03 16:44:43","IP Address",100,198,"True","2023-04-03 16:44:44","R_3erePzLJV7NaxCh","anonymous","Good","Good","Excellent","The teachers were wonderful to work with and very enthusiastic ","More activities perhaps","Yes, please explain.","no because I’m not currently involved in any research, but I’m very interested in studying the movement and evolution of people. I would potentially use this in the future. ","Just thank you for a great session :) ","202304_CAA"
"22","2023-04-03 22:36:32","2023-04-03 22:41:49","IP Address",100,317,"True","2023-04-03 22:41:50","R_ef9Hj3fZCeV6l2h","qr","Excellent","Good","Excellent","the format of the tutorial and how exolainatory it was ","if the interface was working a bit better","Yes, please explain.","it would be a very interesting combination with predictive modelling","it was a bit dense as a workshop for a first timer, maybe it would be better to be split in two so you can play around with the alternative options more; overall I really enjoyed it and it was even better than I expected (I had high expectations)","202304_CAA"
"23","2023-08-31 19:03:26","2023-08-31 19:08:21","IP Address",100,295,"True","2023-08-31 19:08:23","R_1ohhCOCToWstlQe","qr","Excellent","Excellent","Excellent","Friendly context, simple steps, error-free methodology to learn how to do ","","Yes, please explain.","Yes, it is the best way to demonstrate my hypothesis","Great work! More masterclass and practical activities will be a great opportunity","202308_EAA"
"24","2023-08-31 19:11:35","2023-08-31 19:12:49","IP Address",100,73,"True","2023-08-31 19:12:49","R_Z7FcVQbg0VaxiUN","qr","Excellent","Good","Excellent","Practical element","Quite a few errors with the tutorial popups, but that might just have been my browser.","Yes, please explain.","I am interested in modelling movement ","","202308_EAA"
"25","2023-08-31 19:14:32","2023-08-31 19:15:53","IP Address",100,80,"True","2023-08-31 19:15:54","R_1pXTz5ehsseW3MR","qr","Sufficient","Sufficient","Good","The personal help, the enthusiasm ","A tutorial where you can't fail","Yes, please explain.","Not sure yet","","202308_EAA"
"26","2023-08-31 19:14:24","2023-08-31 19:19:24","IP Address",100,299,"True","2023-08-31 19:19:25","R_wY0ySjtQ2ks5jDH","qr","Good","Good","Good","working in a team","add a ""reload the page"" info at the beginning of a chapter ","Yes, please explain.","because I like to experiment and I can code","","202308_EAA"
"27","2023-08-31 19:14:58","2023-08-31 19:20:18","IP Address",100,319,"True","2023-08-31 19:20:18","R_3nfxiUGaP2IPXIg","qr","Good","Good","Excellent","Giving basic information, fit gir beginners","In the moment I can not tell anything.","Yes, please explain.","I will try to do a model of relocating settlements because of environmental changes, throuhg the middle ages, in an microarea","Do continue!","202308_EAA"
"28","2023-08-31 19:14:19","2023-08-31 19:20:32","IP Address",100,372,"True","2023-08-31 19:20:33","R_3HNqS5euY5qnH4u","qr","Sufficient","Good","Good","Workshop and the energy of the speaker","Presenting the scene behind the example in order to talk avout from where data (agent and envrironment) come from","Yes, please explain.","For circulation of people in an ancient city (Syria) and to test sling antiquity distance","If you change the example more relevant for paleoanthropology than for archaeologists by circular in an architecture or ceramic use or other example linked to technical stuff","202308_EAA"
"29","2023-08-31 19:16:20","2023-08-31 19:20:55","IP Address",100,275,"True","2023-08-31 19:20:55","R_2teYH8ONXTIHkSE","qr","Good","Good","Excellent","It is good to work through the tutorial with the help of onsite help.","The website is still buggy a bit, you have to restart the modules if you run into errors (likes of the code lines reproduce for some reason). It would be also great to get an overarching view on the uses of abm in more complex projects.","Yes, please explain.","I have a big dataset of merchant boats, and I started to look into ABM to model their movement’s impact ","It’s super, thank you!","202308_EAA"
"30","2023-08-31 19:18:02","2023-08-31 19:22:22","IP Address",100,259,"True","2023-08-31 19:22:22","R_ekBIZbJCulMEh2x","qr","Good","Good","Excellent","It offers an introduction to and hands-on experience in agent-based modelling and allow us to think about how to code.","It would be great if there are tutorials/examples with more common programming languages such as Python or R.","No","","","202308_EAA"
"31","2023-08-31 19:07:43","2023-08-31 19:22:36","IP Address",100,892,"True","2023-08-31 19:22:37","R_27UaPuF012ZBD2g","qr","Excellent","Excellent","Excellent","The tutorial ","More introduction and a conclusion ","Yes, please explain.","Not using them but debating on their use with modern machine learning appociations","","202308_EAA"
"32","2023-08-31 19:23:20","2023-08-31 19:23:59","IP Address",100,38,"True","2023-08-31 19:23:59","R_2zLOgpV7qc90VXD","qr","Insufficient","Sufficient","Good","","","Yes, please explain.","","","202308_EAA"
"33","2023-08-31 19:23:34","2023-08-31 19:25:15","IP Address",100,100,"True","2023-08-31 19:25:16","R_1rjIJmoK3QURdJ9","qr","Good","Excellent","Good","Discovery and explanations step by step","","Yes, please explain.","I could try to model interactions","","202308_EAA"
"34","2023-08-31 19:23:24","2023-08-31 19:25:54","IP Address",100,149,"True","2023-08-31 19:25:54","R_OI5oadkBahOO8sF","qr","Excellent","Excellent","Excellent","","","Yes, please explain.","I would like to try to apply it to the appearance /disappearance of settlements over time in my study area","","202308_EAA"
"35","2023-08-31 19:23:51","2023-08-31 19:27:09","IP Address",100,198,"True","2023-08-31 19:27:10","R_3MmM39XURa4xA14","anonymous","Excellent","Good","Excellent","it worked! Very many knowledgable and friendly people on hand to help with issues","","Yes, please explain.","not sure, but I am thinking of using it in teaching","Thanks for organising this. Do you provide workshops in other languages as well, e.g. Spanish?","202308_EAA"
"36","2023-08-31 19:23:24","2023-08-31 19:28:09","IP Address",100,284,"True","2023-08-31 19:28:10","R_78S2oJUV5mdHbk5","qr","Excellent","Excellent","Excellent","Tutorials were well thought through","There were a few minor bugs which caused crashes","Yes, please explain.","I already use MCMC (and ABC) so sort of already do","Very nice workshop","202308_EAA"
"37","2023-08-31 19:23:57","2023-08-31 19:28:32","IP Address",100,274,"True","2023-08-31 19:28:32","R_siglZPSeiLzPo3L","qr","Excellent","Excellent","Excellent","It was my first approach","There are still small bags","Yes, please explain.","I do nit know, but it was a nice introduction","It is an important issue","202308_EAA"
"38","2023-08-31 19:23:08","2023-08-31 19:44:11","IP Address",100,1262,"True","2023-08-31 19:44:12","R_1dKBu73VefkSRO7","qr","Good","Good","Excellent","To be able to do everything at our own speed","Explain how this type of code uses brackets, i think I got a few error notes because I was using them wrong (if you immediately type in open ","Yes, please explain.","How agents move over/populate/use a landscape","","202308_EAA"
"39","2023-10-12 15:49:06","2023-10-12 15:50:53","IP Address",100,106,"True","2023-10-12 15:50:54","R_1eK7RgJ39cQDKJM","anonymous","Good","Excellent","Good","All of it!","Nothing really!","Yes, please explain.","I am working on human impact on the environment and ABM proves useful for one of my objectives","Kudos for the workshop","202310_CAA-DE-NLFl"
"40","2023-10-12 15:24:36","2023-10-12 15:51:57","IP Address",100,1640,"True","2023-10-12 15:51:58","R_b3LjgBSgDwt1ZBf","anonymous","Excellent","Excellent","Excellent","The tutorial material was informative and easy to follow.","","Yes, please explain.","I have used LCP analysis in my research, and it may be interesting to explore other possibilities through ABM.","Very happy with the material that was provided and the opportunity to learn in a practical way. Congratulations","202310_CAA-DE-NLFl"
"41","2023-10-12 15:52:49","2023-10-12 15:53:27","IP Address",100,37,"True","2023-10-12 15:53:28","R_3si8MmoNJDszNX4","anonymous","Excellent","Excellent","Excellent","The self paced online tutorial","","Yes, please explain.","I was already planning on trying to create a model but was having issues working with NetLogo","","202310_CAA-DE-NLFl"
"42","2023-10-12 15:25:11","2023-10-12 16:14:41","IP Address",100,2969,"True","2023-10-12 16:14:41","R_3kBND7rr5kO0BLY","anonymous","Good","Good","Good","","",NA,"","","202310_CAA-DE-NLFl"
"43","2023-10-12 16:17:45","2023-10-12 16:24:03","IP Address",100,377,"True","2023-10-12 16:24:04","R_1ouuRXeajv3seio","anonymous","Excellent","Excellent","Excellent","The interactivity of the tutorial, it's easy to use and also well-explained. ","The tutorial can have minor bugs sometimes, but nothing major. ","Yes, please explain.","I'm not sure how and when I will apply ABM to my research yet but I think it is an interesting tool to keep in mind as a potential research method. ","It would be amazing to have more workshops like these, or even practice sessions to share insight about how we can help each other learn and use ABM more?","202310_CAA-DE-NLFl"
"44","2023-10-12 16:08:21","2023-10-12 16:29:55","IP Address",100,1294,"True","2023-10-12 16:29:56","R_2ym84eUVVCgmONE","anonymous","Excellent","Excellent","Excellent","What I liked the most was the way it was prepared. It's very easy to understand and provides clear instructions for each step.","I would love to see different models being taught to provide more ideas about what can be done with ABM, such as pottery distribution simulations, construction/building economy simulations, etc.","Yes, please explain.","I would love to use ABM in my research. I mainly study imported amphorae from several settlements in the Pergamon Micro-Region. It could be a great way to explore how they were distributed from coastal sites to inland sites and how they relate to each other.","Thank you for making the time and preparing the material!","202310_CAA-DE-NLFl"
"45","2023-10-12 16:17:46","2023-10-12 16:32:26","IP Address",100,880,"True","2023-10-12 16:32:27","R_b6ZTllYt0UWCz4d","anonymous","Excellent","Excellent","Excellent","Good step-by-step introduction, nice and consistent example.","Some minor and only annoying bugs in the coding area: if you replace the grey exemplary code, the cursor sometimes jumps and deletes the first letter. Sometimes the grey code vanishing (i think it was when i moved the cursor to the right)","Yes, please explain.","Several new ideas with this new tool for me, ask Ronald ;)","Great course, very grateful to get to know that tool.","202310_CAA-DE-NLFl"
"46","2023-10-12 16:44:35","2023-10-12 16:46:17","IP Address",100,102,"True","2023-10-12 16:46:18","R_1NkSFu76SuMvx7w","anonymous","Good","Excellent","Excellent","Clear instructions","Part of the code would move/disappear when tying over the example code","Yes, please explain.","","","202310_CAA-DE-NLFl"
"47","2023-10-12 16:32:59","2023-10-12 16:46:42","IP Address",100,822,"True","2023-10-12 16:46:42","R_2c8hPqha0BQD591","anonymous","Good","Good","Good","the guided procedure","the web interface still has some issues","Yes, please explain.","i'd like to test landscape exploitation through ABM","","202310_CAA-DE-NLFl"
"48","2023-10-12 16:44:26","2023-10-12 16:46:50","IP Address",100,144,"True","2023-10-12 16:46:50","R_WwKujXpKm0mNakF","anonymous","Excellent","Good","Excellent","detailed instructions","everytime back to the last step, the new code will be reproduced again in the command text","Yes, please explain.","spatial analysis","great wokshop","202310_CAA-DE-NLFl"
"49","2023-10-12 16:46:29","2023-10-12 16:47:27","IP Address",100,58,"True","2023-10-12 16:47:28","R_1nZJJQ0lyeTTnDT","anonymous","Good","Not shared","Not shared","","","Yes, please explain.","","","202310_CAA-DE-NLFl"
"50","2023-10-12 16:46:42","2023-10-12 16:47:47","IP Address",100,64,"True","2023-10-12 16:47:47","R_2q9mttyyGI1Dejq","anonymous","Excellent","Excellent","Excellent","","I would like a follow up, on how to add different archaeological data in the models, as it was very interesting.","Yes, please explain.","I might apply it to my masters thesis.","","202310_CAA-DE-NLFl"
"51","2023-10-12 16:46:09","2023-10-12 16:48:33","IP Address",100,144,"True","2023-10-12 16:48:34","R_3qNJtqTIRdtl1iE","anonymous","Good","Good","Good","","","Yes, please explain.","Not sure - will think about it. ","Could have facilitated more dialogue with the groups. Was pretty much self-directed learning with some more material, and also potentially to show a range of different applications on which it could be used. Nice work. ","202310_CAA-DE-NLFl"
"52","2023-10-12 16:45:10","2023-10-12 16:56:18","IP Address",100,668,"True","2023-10-12 16:56:19","R_1feEaaqGVbtNMDf","anonymous","Good","Good","Excellent","The step by step mode","The overtype mode is annoying when you make a mistake and can't find it, so you have to do it all over again","Yes, please explain.","Roman recource management","Please continue! Thanks a lot!","202310_CAA-DE-NLFl"
"53","2023-10-12 16:44:38","2023-10-12 17:00:07","IP Address",100,928,"True","2023-10-12 17:00:08","R_24GgCrZzvDW72OX","anonymous","Good","Excellent","Good","The step-by-step approach with great explanations of what you need to do and what that does to the model.","For me the Pause button didn't quite work. I was able to pause the tutorial but couldn't resume to where I was later on. Had to start the tutorial over instead.","Yes, please explain.","I think (or hope, rather) that it will be useful in helping to understand certain ongoings in the development of a settlement or city throughout the centuries.","Thank you all so much for putting so much effort into making the learning experience for ABM so interesting and easy!","202310_CAA-DE-NLFl"
"54","2023-10-12 16:46:59","2023-10-12 17:05:19","IP Address",100,1099,"True","2023-10-12 17:05:21","R_10A6QPn1w6Ufv1V","anonymous","Good","Sufficient","Good","The practical approach","The teaching material sometimes stopped work, leading us to restart the tutorial. It will be better if this doesn't happen","Yes, please explain.","For Site Catchment Modeling","This workshop was very usefull for a student like me. Thank You.","202310_CAA-DE-NLFl"
"55","2023-10-12 16:46:07","2023-10-12 17:26:12","IP Address",100,2405,"True","2023-10-12 17:26:13","R_3qwLCioSq2m2AIk","anonymous","Good","Excellent","Good","Step-by-step tutorial is definitely a great way to star of an exploration within ABM topic. Every single item was properly explained.","Stability. Sometimes application just shut down or ""freeze"". ","Yes, please explain.","Well... So far I'm thinking about possible filed in my research for ABM. Time will tell :)","","202310_CAA-DE-NLFl"
"56","2023-10-13 18:46:28","2023-10-13 18:46:48","IP Address",100,19,"True","2023-10-13 18:46:48","R_2Ce6WVjtLSpGbSL","anonymous","Good","Good","Excellent","","","No","","","202310_CAA-DE-NLFl"
"57","2023-11-16 12:40:55","2023-11-16 12:41:27","IP Address",100,32,"True","2023-11-16 12:41:28","R_OE8S9aYh37SYeid","qr","Good","Sufficient","Good","Practice","",NA,"","","202311_Reuvensdagen"
"58","2023-11-16 12:40:52","2023-11-16 12:42:01","IP Address",100,69,"True","2023-11-16 12:42:02","R_ufxqT9OmBUm4vDj","qr","Good","Sufficient","Good","The varieritys of possibilities ","Less bugs","Yes, please explain.","In the future when i graduate ","","202311_Reuvensdagen"
"59","2023-11-16 12:41:08","2023-11-16 12:42:44","IP Address",100,96,"True","2023-11-16 12:42:45","R_2qmUIMPR5l0MPos","qr","Sufficient","Good","Good","The tutorial ","Doing an exercise together on screen","Yes, please explain.","I'd like to publish an article using ABM in the future","","202311_Reuvensdagen"
"60","2023-11-16 12:41:37","2023-11-16 12:42:48","IP Address",100,70,"True","2023-11-16 12:42:48","R_3oZ69bXwgBtbfTQ","qr","Sufficient","Sufficient","Good","The web based","The layout could be better during the course","Yes, please explain.","","","202311_Reuvensdagen"
"61","2023-11-16 12:41:40","2023-11-16 12:42:48","IP Address",100,68,"True","2023-11-16 12:42:49","R_wRUbUcWMPWviFkB","qr","Sufficient","Good","Excellent","Working with the code","The turtorial crashes sometimes","Yes, please explain.","Idk yet, would like to do some more reading on it","","202311_Reuvensdagen"
"62","2023-11-16 12:41:35","2023-11-16 12:43:06","IP Address",100,90,"True","2023-11-16 12:43:06","R_3kLnsY2D1f40Hue","qr","Good","Good","Good","How you can try it by yourself","Less bugs","Yes, please explain.","How to visiulize research to a broader public","","202311_Reuvensdagen"
"63","2023-11-16 12:42:52","2023-11-16 12:44:24","IP Address",100,91,"True","2023-11-16 12:44:24","R_7ZBbTmfS1uMxmMh","qr","Good","Good","Excellent","The gradual building of the material. The fact its suitable for people with no prior experience in Coding","More time ;)","Yes, please explain.","","","202311_Reuvensdagen"
"64","2023-11-16 12:41:17","2023-11-16 12:44:41","IP Address",100,203,"True","2023-11-16 12:44:41","R_1r7AsslxWJzRYM1","qr","Good","Sufficient","Good","Step by step guide + visuals showing what happens","Some minor bug fixes","No","","No","202311_Reuvensdagen"
"65","2023-11-16 12:41:34","2023-11-16 12:44:46","IP Address",100,192,"True","2023-11-16 12:44:47","R_2y7XFrcNmzKX3iM","qr","Excellent","Excellent","Excellent","Interactive teaching","/","No","","Thank you!","202311_Reuvensdagen"
"66","2023-11-24 14:58:11","2023-11-24 14:59:52","IP Address",100,101,"True","2023-11-24 14:59:53","R_2bNWkzcTFauGFrT","anonymous","Good","Good","Excellent","interactive material","more workshop!","Yes, please explain.","developping a model of prehistoric mobility and raw material procurement","Thank you! ","202311_CAA_UK"
"67","2023-12-12 15:20:21","2023-12-12 15:21:40","IP Address",100,79,"True","2023-12-12 15:21:41","R_2wghWVFWn0ofTAp","anonymous","Good","Good","Good","Being allowed to apply the concepts from the tutorial and figure stuff out on our own","","No","","","202312_Leiden"
"68","2023-12-12 15:31:07","2023-12-12 15:33:00","IP Address",100,113,"True","2023-12-12 15:33:01","R_1Ed5qUC2UvDxgIm","anonymous","Sufficient","Sufficient","Sufficient","The step by step and guiding tutorial","Maybe more examples? I did not really miss it in class though we had a hard time starting the project due to lack of prior knowledge about the possibilities of the program","No","","","202312_Leiden"
"69","2023-12-12 16:38:52","2023-12-12 16:43:01","IP Address",100,248,"True","2023-12-12 16:43:01","R_2usvRUyhccu2fQQ","qr","Good","Good","Excellent","That the software is very accessible and easy to use, even for people less acquainted with coding ","Sometimes the tutorial crashed, making you re-do several steps before you could contribute where you were","No","","Really good structure with tutorials before the in class section, because this familiarized us with the programme ","202312_Leiden"
"70","2023-12-13 19:01:25","2023-12-13 19:08:55","IP Address",100,449,"True","2023-12-13 19:08:55","R_2CBSU7x5GrotyFy","anonymous","Good","Good","Good","The follow-along coding style.","The follow along coding is a bit awkward, often the first line gets deleted. Just a general bug","No","","Really good!","202312_Leiden"
"71","2024-01-22 16:44:31","2024-01-22 16:45:03","IP Address",100,31,"True","2024-01-22 16:45:04","R_4lJiutDbOKqMsor","anonymous","Excellent","Excellent","Excellent","everything","nothing","Yes, please explain.","for my research","congrats!","202401_Aarhus"
"72","2024-01-22 16:44:32","2024-01-22 16:45:44","IP Address",100,72,"True","2024-01-22 16:45:44","R_2rtCmLvXVXT1dTP","anonymous","Excellent","Excellent","Excellent","The presentations were clear and the workshop material is great!","","Yes, please explain.","I will look into applying ABM in anthropology and the social sciences in general","Thank you for this great work!","202401_Aarhus"
"73","2024-01-22 16:44:35","2024-01-22 16:45:53","IP Address",100,77,"True","2024-01-22 16:45:53","R_4aDn9oSHkEMoYW8","anonymous","Excellent","Excellent","Excellent","Very user friedly of begginer users and easy to follow through ","",NA,"","","202401_Aarhus"
"74","2024-01-22 16:45:10","2024-01-22 16:46:25","IP Address",100,75,"True","2024-01-22 16:46:26","R_4JDlC2D4bknIQjP","anonymous","Excellent","Excellent","Excellent","i think the tutorial is fantastic and it was great having support available ","More of these! ","Yes, please explain.","Yes, my PhD formed a static model of Catalhoyuk's agricultural system and i would love to expand it to an ABM model ","Would love to attend more workshops on this, more classes! ","202401_Aarhus"
"75","2024-01-22 16:44:37","2024-01-22 16:47:39","IP Address",100,181,"True","2024-01-22 16:47:39","R_8DokfVBDDnWMtPH","anonymous","Good","Excellent","Excellent","I really liked the tutorials, I found them straightforward, easy to follow, and they contained just enough information without being overwhelming","Perhaps making the materials available earlier on the workshop day, as it took some time to figure out the download etc.","Yes, please explain.","While it might not be applicable to my research right away, this is something I would be very keen to explore moving forward","I really enjoyed learning about ABM and specifics of the software as a complete beginner, thank you!","202401_Aarhus"
"76","2024-01-22 16:45:13","2024-01-22 16:48:25","IP Address",100,191,"True","2024-01-22 16:48:25","R_8dQJQJfgUJvrH7U","anonymous","Excellent","Excellent","Excellent","The tutorial is incredibly complete and clear and answers all your doubts in advance.","","Yes, please explain.","since I'm in a master degree, I could consider the possibility to apply ABM for the final thesis.","Very well structures course, especially for beginners.","202401_Aarhus"
"77","2024-01-22 16:44:34","2024-01-22 16:48:58","IP Address",100,264,"True","2024-01-22 16:48:59","R_50pFpBEWndcqlpE","anonymous","Sufficient","Good","Excellent","The tutorials are self explanatory","Create a tutorial taking us step by step (including code writing) into the creation of the Ansazi model. Tutorials 2-4 are great but we are left not knowing how to sucessively create a model with NetLogo","Yes, please explain.","Modeling pottery use throughout a region of the Near East","Great team. Would very much like to have another session after we would have played with NetLogo","202401_Aarhus"
"78","2024-01-22 16:44:43","2024-01-22 16:49:55","IP Address",100,311,"True","2024-01-22 16:49:55","R_1NxAa6XGdBMI3zL","anonymous","Excellent","Excellent","Excellent","Interactivity, accessibility and the focus on practical skills, permission to go at your own pace and revisit the materials later","There could be a brief mention of some recent research in archaeology that applied ABM ","No","","Thank you for putting everything together! ","202401_Aarhus"
"79","2024-01-22 16:44:58","2024-01-22 16:51:03","IP Address",100,364,"True","2024-01-22 16:51:03","R_5MRrk6Xc8J9ZLHy","anonymous","Excellent","Good","Good","The mixed structure (individual learning+lesson)","Nothing ","Yes, please explain.","I think I will do more research on integrating socio-ecological models and ABM. I would like to explore the possibility of applying ABM in the Human-Environment relationship in wetland and coastal environments. ","-","202401_Aarhus"
"80","2024-01-22 16:52:01","2024-01-22 16:53:03","IP Address",100,61,"True","2024-01-22 16:53:03","R_6fecP3QASWYs83J","anonymous","Excellent","Excellent","Excellent","Easy to follow tutorial that didn't expect you to have any preexisting knowledge","","No","","No, really enjoyed it and I look forward to practicing more. ","202401_Aarhus"
"81","2024-01-22 16:51:10","2024-01-22 16:55:23","IP Address",100,252,"True","2024-01-22 16:55:24","R_7V0BhFnzXBJt0ZP","anonymous","Good","Sufficient","Excellent","easy-to-go introduction through NetLogo","","Yes, please explain.","I am currently worknig on my phd disseration regarding landscape anthropogenic and environmental dynamics in a 3 thousand year time span. so in order to be able to predict what is already lost in the environment, I would like to use ABM to recreate and have an overview of the data which might have been lost.","The workshop was really great, and I would follow up all the outcomes and further elaborations.","202401_Aarhus"
"82","2024-01-22 16:56:06","2024-01-22 17:01:21","IP Address",100,314,"True","2024-01-22 17:01:21","R_202n5cYoe0Eh74v","anonymous","Good","Good","Good","","I'd suggest a little bit more guided training as part of the online course while letting participants do the self-tutorials afterwards","Yes, please explain.","no specific research question at the moment, but might make use of it in the future","","202401_Aarhus"
"83","2024-01-22 16:44:34","2024-01-22 17:08:44","IP Address",100,1449,"True","2024-01-22 17:08:44","R_5HFaBvXU66asG8M","anonymous","Excellent","Excellent","Excellent","Easy to follow tutorial with clear instructions and explanations","Possibly more interactive with the instructors, but this is hard over zoom!","Yes, please explain.","Hoping to use ABM to model the use, reuse, and recycle of copper alloy objects in Roman and early medieval Britain for the project that I am working on (REMADE - Roman and Early Medieval Alloys Defined)","Thank you so much for putting on this workshop and for making it open/accessible to so many archaeologists!","202401_Aarhus"
"84","2024-01-25 10:31:01","2024-01-25 10:32:10","IP Address",100,68,"True","2024-01-25 10:32:11","R_10diUeZ1akcsukA","anonymous","Good","Good","Good","the accessability","a little more examples ","Yes, please explain.","I'll use it in my Phd for tradenetworks","Excellent materials!","202401_Aarhus"
"85","2024-01-25 10:31:03","2024-01-25 10:32:46","IP Address",100,103,"True","2024-01-25 10:32:47","R_3Y35EEogNJPtRuL","anonymous","Excellent","Excellent","Excellent","Being able to work through the tutorial in my own time. ","-","No","","Thank you! ","202401_Aarhus"
"86","2024-01-25 10:31:26","2024-01-25 10:33:06","IP Address",100,100,"True","2024-01-25 10:33:07","R_431frXOVl5foHL3","anonymous","Good","Excellent","Excellent","learning the tutorial","maybe go through the tutorial with the participants once before letting us explore by ourselves","Yes, please explain.","I do research on rock art of Southeast Asia, was thinking that maybe this can help to identify how rock art locations were selected","n/a","202401_Aarhus"
"87","2024-01-25 10:31:09","2024-01-25 10:33:21","IP Address",100,131,"True","2024-01-25 10:33:21","R_480XhJTkgZMyDPX","anonymous","Excellent","Excellent","Excellent","The introduction was very clearly explained and the tutorials are engaging and easy to follow",".","Yes, please explain.","I want to try to use it but I need to learn more to understand how to do that. ","I would have like a bit of a longer introduction before starting with the materials, maybe with an in-depth example of the use of ABM. ","202401_Aarhus"
"88","2024-01-25 10:31:29","2024-01-25 10:33:39","IP Address",100,129,"True","2024-01-25 10:33:39","R_5HnNcQGBnsP3bNb","anonymous","Sufficient","Good","Sufficient","It has been nice to be introduced to ABM as a methodology. ","I would like more examples on how to use these models, or ideas where it may be (or have been used). ","Yes, please explain.","I would really like to make some sort of model based on bronze age metals in Italy, however I am unsure how to go about this. I believe the method may be useful. Either that or create an ABM over the rise and subsequent fall of the terramare peoples. ","Thank you for this opportunity. ","202401_Aarhus"
"89","2024-01-25 10:31:26","2024-01-25 10:36:31","IP Address",100,304,"True","2024-01-25 10:36:31","R_433KNhLA2bXQtXo","anonymous","Good","Excellent","Excellent","The fact that the explanations were short and concise, but at the same time very practical.","The presentation at the beginning was a bit too fast to follow, maybe 5 more minutes would be enough to follow with less 'rush'.","Yes, please explain.","Not knowing the theory I've never considered it, but dealing with local community-wetland relationships I think I'll think about how to apply it.","","202401_Aarhus"
"90","2024-01-25 10:31:40","2024-01-25 10:36:51","IP Address",100,311,"True","2024-01-25 10:36:52","R_4VeIaMiICKmuVgP","anonymous","Excellent","Good","Good","Simple step-by-step which is very easy to follow","Have the big boxes of text not appear (in the first course part) while the simulation is going on but maybe before or after","No","","","202401_Aarhus"
"91","2024-01-25 10:30:54","2024-01-25 10:36:57","IP Address",100,363,"True","2024-01-25 10:36:58","R_4CZqz5DbL3EztN0","anonymous","Excellent","Excellent","Excellent","The step by step process of the course is very easy to follow.","Hard to tell at this point, would need to finish the course first. ","Yes, please explain.","I have some reasonably large data sets that I've used in other projects and it would be interesting to see if there are some ways to reutilize the data with an ABM focus. ","I really appreciate this workshop. I've had an interest in ABM for a while but haven't had the time to sit down and start working through the Agent-Based Modeling for Archaeology book. This workshop provides an easy onramp to start digging further into more advanced materials. ","202401_Aarhus"
"92","2024-01-25 10:30:55","2024-01-25 10:36:59","IP Address",100,364,"True","2024-01-25 10:36:59","R_2uV8h7MrGVqiUCY","anonymous","Excellent","Excellent","Excellent","The fact that they had a quick introduction and then we were given enough time to go through the tutorial on our own pace. Since it was something totally new to me, that personal time was a great idea. Also the material and the links that we were provided so we can do our own research and reading afterwards. Very friendly speakers!    ","Nothing particular. ","No","","Keep up the good work! Thank you!","202401_Aarhus"
"93","2024-01-25 10:31:24","2024-01-25 10:37:30","IP Address",100,365,"True","2024-01-25 10:37:30","R_2FP2XkQbNn7b9mh","anonymous","Good","Excellent","Excellent","A soft introduction and the very friendly/ helpful guide in the tutorials.","A better introduction on how, the tutorial worked. Just shortly saying: ""Okay so you're going to open a webbrowser by following that file, then it will take you directly to the webpage. Also maybe taking us a bit more into the coding tap, because this is really the space that is unfamiliar to archaeologists, or at least the most of us.","Yes, please explain.","I used ABM for my master's dissertation and is also using it in my PhD project is using ABM for archaeological investigation on hominin dispersal. Still not sure whether it will be done in NetLogo, but I do like the platform and especially the easy coding language.","Thank you for doing this, this methodology should be spread more out into archaeological circles, since it's such a useful tool.","202401_Aarhus"
"94","2024-01-25 10:36:25","2024-01-25 10:38:12","IP Address",100,107,"True","2024-01-25 10:38:12","R_6b2lhHttuaJIGQy","anonymous","Good","Excellent","Good","","Go over the Tutorial in a bit more detail","Yes, please explain.","Always aimed at using more formal models to better understand my research","","202401_Aarhus"
"95","2024-01-25 10:31:48","2024-01-25 10:40:03","IP Address",100,494,"True","2024-01-25 10:40:04","R_6FWkqDs81gYRl3r","anonymous","Sufficient","Sufficient","Sufficient","","","No","","thank you so much, it will be nice if there is any exercises  ","202401_Aarhus"
"96","2024-01-25 10:51:27","2024-01-25 10:54:58","IP Address",100,211,"True","2024-01-25 10:54:58","R_5f7Sm9b2IlKgkVv","anonymous","Excellent","Excellent","Good","Very easy go to guide","","Yes, please explain.","Hopefully this tutorial introduction initiates my adventure into ABM and to research","","202401_Aarhus"
"97","2024-01-25 10:51:33","2024-01-25 10:57:01","IP Address",100,327,"True","2024-01-25 10:57:01","R_2TF30HHQhCMxIsu","anonymous","Excellent","Excellent","Excellent","","More interaction","Yes, please explain.","I will try","Perhaps making it more interactive with the people","202401_Aarhus"
"98","2024-01-25 10:51:39","2024-01-25 10:57:16","IP Address",100,336,"True","2024-01-25 10:57:16","R_5MMWzOMOnWfLUI1","anonymous","Excellent","Excellent","Excellent","the step by step tutorial and how accessible it is","n/a","Yes, please explain.","i would like to test using abm for modelling navigation in a megalithic landscape, and how this is affected by the placement of dolmens. for starters.","thank you very much for making this an accessible topic!","202401_Aarhus"
"99","2024-01-25 10:30:49","2024-01-25 11:00:41","IP Address",100,1792,"True","2024-01-25 11:00:42","R_4i9QheKSmoHHERP","anonymous","Good","Excellent","Good","The training materials are very thorough but divided in comprehensible parts which makes it easy to understand.","There are several bug in the interface but those can only be cleaned by more testing and sharing.","Yes, please explain.","I see the potential of ABM in archaeology but will need more practice with it in order to figure out how to best implement it.","The text fields of this survey could be made larger so the whole text can be visible.","202401_Aarhus"
"100","2024-01-25 10:30:51","2024-01-25 11:03:32","IP Address",100,1961,"True","2024-01-25 11:03:33","R_41FaAewjnr4niPJ","anonymous","Excellent","Excellent","Excellent","Really well-made interactive material","Maybe a longer explanation of the case study in the intro, or after the training. For instance discussing a published case study while looking at the code behind it","Yes, please explain.","Yes, I will surely play with NetLogo (if I am able to learn it) or move to more familiar programming languages. It can be a useful way to model plant dispersal or behavioral research (i.e. the adoption of certain innovations)","","202401_Aarhus"
"101","2024-01-25 16:30:05","2024-01-25 16:30:41","IP Address",100,35,"True","2024-01-25 16:30:42","R_2mUPGmQ9bt8TzmV","anonymous","Good","Good","Good","","","Yes, please explain.","","","202401_Aarhus"
"102","2024-01-25 16:30:06","2024-01-25 16:40:50","IP Address",100,643,"True","2024-01-25 16:40:50","R_2qb6FPU8iBWKeC5","anonymous","Good","Good","Good","The interactiveness and the possibility to ask questions as the tutorials go","","Yes, please explain.","It's more intuitive than a conviction at this point, but as my research focuses on human mobility in regard to the surrounding environement, there could be some potential","No, just thanks :)","202401_Aarhus"
"103","2024-01-25 16:40:00","2024-01-25 16:43:41","IP Address",100,221,"True","2024-01-25 16:43:42","R_2tGd9ycT9Q2hX3B","anonymous","Excellent","Good","Excellent","I liked that you had a very interesting grip of ABM, and that you have provided lots of extra material for further reading.","I think perhaps you could divide it to two - absolute beginner and a more advanced, where you could elaborate more on data modelling and data acquisition, so a bit more about the 'backend' of the process. ","Yes, please explain.","I primarily use geospatial statistics and modelling, but I think it would be interesting to run some ABM on my data as well, so I might give it a go.","Thanks for the fun and interesting initiative!","202401_Aarhus"
"104","2024-01-25 16:44:29","2024-01-25 16:47:44","IP Address",100,195,"True","2024-01-25 16:47:45","R_44zWH0XCKOIG3T0","anonymous","Good","Excellent","Excellent","the easy- to- understand way the presenters explained ABM","I`m not sure yet","Yes, please explain.","I hope to use it in my doctoral research","keep doing the good job","202401_Aarhus"
"105","2024-01-25 16:30:08","2024-01-25 16:48:22","IP Address",100,1093,"True","2024-01-25 16:48:22","R_4rPsky1fwzUFr53","anonymous","Good","Excellent","Good","","","Yes, please explain.","","","202401_Aarhus"
"106","2024-01-25 16:51:00","2024-01-25 16:55:45","IP Address",100,285,"True","2024-01-25 16:55:46","R_7k1UB5InCjoMpX2","anonymous","Excellent","Excellent","Excellent","The step-by-step tutorials are both great at guiding through the netlogo interface while also building up the skills to understand how to navigate independently.  The examples are incredibly helpful!  ","N/A, very helpful!","Yes, please explain.","I have been working towards examining household archaeology using ABM, setting the bound space as the House space and then providing various social identifiers and actions to agents to help see what kind of interactions may result in different kinds of archaeology material","Thank you so much for offering this workshop! If there's an ABM listserv/discord/community hub for discussing/using ABM directly with data would love to join","202401_Aarhus"
"107","2024-01-25 16:54:39","2024-01-25 16:58:09","IP Address",100,209,"True","2024-01-25 16:58:09","R_5YqVJO8uPcQoHfF","anonymous","Excellent","Excellent","Excellent","I loved how accessible the tutorials are. I can work at my own pace and get guided helpfully","Potentially an overall .pdf laying out each tutorial's objectives - just so at the end of all the tutorials I can see an overview of what I've learnt ","Yes, please explain.","I hope to apply this in potential PhD research to Iron Age populations in Britain","Everything was superb, really informative, accessible and helpful. In a short space of time, the power of ABM was conveyed :)","202401_Aarhus"
"108","2024-01-25 16:30:06","2024-01-25 16:59:02","IP Address",100,1735,"True","2024-01-25 16:59:02","R_2sTjHiuPKTl2pmE","anonymous","Good","Excellent","Excellent","Very simple and informative guiding into ABM.","Everything was good. ","Yes, please explain.","I am not sure but I may use it to understand the seasonal migration patterns of prehistoric species.","No, thank you!","202401_Aarhus"
"109","2024-01-25 16:53:42","2024-01-25 16:59:09","IP Address",100,327,"True","2024-01-25 16:59:10","R_7QDafli9ZRxkh60","anonymous","Good","Excellent","Good","the interactive learning with the web setting, alongside an online Q&A session","more case studies","Yes, please explain.","mechanisms of urban process","Smoothly organised and practically instructive","202401_Aarhus"
"110","2024-01-25 16:30:10","2024-01-25 17:01:04","IP Address",100,1854,"True","2024-01-25 17:01:05","R_8g6DZXKUYigTSHv","anonymous","Excellent","Excellent","Excellent","We were guided step by step through the entire process and it was really usefull","Having zero knowledge at all about ABM I found it perfect",NA,"","","202401_Aarhus"
"111","2024-01-25 16:30:07","2024-01-25 17:01:21","IP Address",100,1874,"True","2024-01-25 17:01:22","R_8w1sxAuJkbqmECh","anonymous","Excellent","Excellent","Excellent","Everthing was fine and the authors were always ready to help","","Yes, please explain.","I will try to apply ABM to my reseach about the evolution of the bronze age communities in portuguese territory (Estremadura region)","","202401_Aarhus"
"112","2024-01-25 16:42:16","2024-01-25 17:01:30","IP Address",100,1153,"True","2024-01-25 17:01:30","R_2lR1WdC74bx8SQx","anonymous","Good","Excellent","Good","I liked that the material used for the tutorial is based on real archaeological case studies. Also step-by-step interactive process seems like an appropriate way to learn ABM.","The participants might have questions after they have completed all tutorials. So the follow-up Q/A session would be nice, or the possibility to ask questions once the participants know more of ABM (maybe there is a way to ask questions after the tutorials already).","Yes, please explain.","It seems like a great tool to use in Paleolithic archaeology. I am mostly interested in human niche construction. ","","202401_Aarhus"
"113","2024-01-25 16:30:34","2024-01-25 17:03:19","IP Address",100,1964,"True","2024-01-25 17:03:19","R_8q80cAepv0SlXPz","anonymous","Excellent","Good","Excellent","The training part","More explanations/ examples about the practical uses of it in archaeology","Yes, please explain.","Reconstruction of Palaeoenvironments","Thank you a lot! Hope to see you in other exciting projects also in the future!","202401_Aarhus"
"114","2024-01-25 16:30:18","2024-01-25 21:06:32","IP Address",100,16573,"True","2024-01-25 21:06:33","R_6M4LdHMIKYF4JKW","anonymous","Good","Excellent","Excellent","Everything was very clear and easy to follow","I think seeing a live presentation of someone completing the ABM would be beneficial and talk about it's application in further details with examples.","Yes, please explain.","Looking at the progression of curse tablets through the Roman Empire","Good overall program!","202401_Aarhus"
"115","2024-02-05 16:09:11","2024-02-05 16:20:31","IP Address",100,680,"True","2024-02-05 16:20:32","R_6KUSW80HcTMCVMi","anonymous","Good","Excellent","Excellent","The material available","A more guided introduction step by step","Yes, please explain.","I'm trying to reconstruct possible social networks during Prehistory","","202401_Aarhus"
"116","2024-02-05 16:33:03","2024-02-05 16:33:46","IP Address",100,42,"True","2024-02-05 16:33:47","R_4ONUY2q7eTNz1x4","anonymous","Excellent","Excellent","Excellent","easy to follow","more time","Yes, please explain.","I already do","keep on going","202401_Aarhus"
"117","2024-02-05 16:32:56","2024-02-05 16:34:08","IP Address",100,72,"True","2024-02-05 16:34:09","R_5HnH42Y6uASdXLa","anonymous","Excellent","Excellent","Excellent","La calidad académica de los presentadores ","Mas tiempo y días. ","Yes, please explain.","Modelado de rutas de menor coste en arqueología andina ","Mas sesiones de este tipo¡ ","202401_Aarhus"
"118","2024-02-05 16:32:07","2024-02-05 16:36:30","IP Address",100,263,"True","2024-02-05 16:36:30","R_1IRcNWF2FbWlr3w","anonymous","Excellent","Excellent","Excellent","The tutorial is great, easy to follow","","Yes, please explain.","Currently I am Writing my dissertation on lithic technology. I think it might be useful to get a better insight on the process of raw material aquisition and in general, of the early settlement of the region","I just would like to thank the team for introducing us to this tool, that can be of great utility to our work","202401_Aarhus"
"119","2024-02-05 16:31:55","2024-02-05 18:01:07","IP Address",100,5352,"True","2024-02-05 18:01:08","R_7ff2cu0Uk46vTJX","anonymous","Good","Excellent","Excellent","The level of knowledge ","Hands On Lab","Yes, please explain.","It will be helpful for some simulations for cognitive archeology ","","202401_Aarhus"
"120","2024-02-06 15:50:56","2024-02-06 15:52:47","IP Address",100,110,"True","2024-02-06 15:52:47","R_5laePEOsh34vvou","anonymous","Good","Excellent","Excellent","La didáctica ",NA,"Yes, please explain.","Trabajo con ABM",NA,"202401_Aarhus"
"121","2024-02-06 16:38:55","2024-02-06 16:41:36","IP Address",100,160,"True","2024-02-06 16:41:37","R_5kh40T5dG5LlZ0U","anonymous","Good","Excellent","Good","The interactive platform is very easy to use and provides a lot of information","","Yes, please explain.","Testing of cultural evolution models in rock art making","The platform was a bit slow at the beggining then it got better","202401_Aarhus"
"122","2024-02-06 16:37:53","2024-02-06 16:41:45","IP Address",100,231,"True","2024-02-06 16:41:45","R_5lNtJqczVVoFlCx","anonymous","Excellent","Excellent","Excellent","La explicación de los modelos fue excelente!","","Yes, please explain."," Dinámicas agricolas en la época prehispánica ","Excelente taller!","202401_Aarhus"
"123","2024-02-06 16:49:48","2024-02-06 16:50:09","IP Address",100,20,"True","2024-02-06 16:50:09","R_4luVmGgpDphLDXd","anonymous","Excellent","Excellent","Excellent","","","No","","","202401_Aarhus"
"124","2024-02-06 16:58:17","2024-02-06 17:00:55","IP Address",100,158,"True","2024-02-06 17:00:56","R_1sBVmDlVYuBGJ19","anonymous","Excellent","Excellent","Excellent","Content very didactic","","Yes, please explain.","One day, maybe…for landscape archaeology","","202401_Aarhus"
"125","2024-02-06 16:58:31","2024-02-06 17:01:54","IP Address",100,202,"True","2024-02-06 17:01:55","R_6Nwdp1qBCPmNP10","anonymous","Good","Sufficient","Good","The sharing of material ","During the lecture, built a model together with the students as a way of helping to truly understand or be able to questions ","Yes, please explain.","I'll try to known the how some simbols traveled around mesoamerica","Please, make the use of ABM Web interactive during the lecture. I feel I could have just ask for the link by mail and take the simulation whenever I wanted ","202401_Aarhus"
"126","2024-02-12 16:31:27","2024-02-12 16:32:19","IP Address",100,52,"True","2024-02-12 16:32:20","R_2GM6dyeOYNccRLb","anonymous","Good","Good","Good","The introduction","Warn ahead of time that you need PC or Mac specifically","Yes, please explain.","Unsure at the moment but it is interesting!","","202401_Aarhus"
"127","2024-02-12 16:30:46","2024-02-12 16:33:14","IP Address",100,148,"True","2024-02-12 16:33:14","R_6lrTc2fjVsVuVQB","anonymous","Excellent","Excellent","Excellent","It was very intuitive and entry level","It could have a little bit more challenging parts. The tutorial took a lot shorter than the time assigned, there could be futher steps maybe.","Yes, please explain.","I am using Social Network Analysis for my master's research, I am planning to explore ABM and NetLogo as well to see if there are tools or ideas that I can integrate with my research. And in the long term I am planning to learn these methods futher. ","It was a really nice workshop, thank you!","202401_Aarhus"
"128","2024-02-12 16:31:06","2024-02-12 16:34:15","IP Address",100,188,"True","2024-02-12 16:34:15","R_22mMjJPtfNgyOeZ","anonymous","Excellent","Excellent","Excellent","The introduction by Isa and the online course (it's very clear and interactive)","Nothing really.","Yes, please explain.","I'm not sure yet. I'm analysing strontium isotopes, so I investigate mobility, but I don't have any information on environmental changes etc. I will need to further complete the online course to check whether including ABM will be possible. ","Nice workshop, very interesting for a lot of people. ","202401_Aarhus"
"129","2024-02-12 16:30:46","2024-02-12 16:36:19","IP Address",100,332,"True","2024-02-12 16:36:20","R_4Jv9pmxWzU7lXJD","anonymous","Excellent","Excellent","Excellent","","","Yes, please explain.","I would like to build an ABM model for my MA thesis in Paleolithic Archaeology","Great explanations, great tutorial! Thanks!","202401_Aarhus"
"130","2024-02-12 16:30:47","2024-02-12 16:37:31","IP Address",100,404,"True","2024-02-12 16:37:32","R_4VJgmj45Mtd6q8S","anonymous","Excellent","Excellent","Excellent","At first, I was afraid to get lost in this workshop, because all of the theory was new to me. But I really liked the download file, so everyone could follow the tutorial in their own speed :-)","","Yes, please explain.","Maybe I will,but my PhD is limited to 3 years only, so I am not sure if I have the time to learn a completely new concept. But I would be very interested in applying ABM!","I really liked the communication beforehand, with all of the information and links to free ebooks included for those who want to read into the concepts beforehand. Also, I liked the general structure of the workshop to give everyone the possibility to follow the tutorial in their own speed. But a meetup with all of us would be nice to exchange on how to apply ABM to our research, to exchange ideas and concepts, because for now it seems to complex and heavy loaded to me that I feel a bit overwhelmed to start from the very beginning on my own.","202401_Aarhus"
"131","2024-02-12 16:31:15","2024-02-12 16:37:41","IP Address",100,385,"True","2024-02-12 16:37:41","R_2j8ZjIv2Kc2NG5b","anonymous","Excellent","Excellent","Excellent","Possibilities of ABM","Software handling ","Yes, please explain.","","","202401_Aarhus"
"132","2024-02-12 16:36:48","2024-02-12 16:39:18","IP Address",100,150,"True","2024-02-12 16:39:19","R_2fZ5DQIMdVX4aVK","anonymous","Excellent","Excellent","Excellent","The possibility to ask questions ","nothing","No","","Thank you so much!","202401_Aarhus"
"133","2024-02-12 16:30:59","2024-02-12 16:39:59","IP Address",100,539,"True","2024-02-12 16:39:59","R_2lWDMWm6XIiRXIB","anonymous","Good","Excellent","Excellent","Fantastic learning materials","More examples of actually how to implement ABM in archeological research, ","Yes, please explain.","I can use for modeling of material culture","Everything is great","202401_Aarhus"
"134","2024-02-12 16:30:57","2024-02-12 16:42:09","IP Address",100,671,"True","2024-02-12 16:42:09","R_2NaUPFs170LKlju","anonymous","Sufficient","Excellent","Excellent","Interactive and easy-to-understand tutorial material","The workshop could have been a little more interactive in terms of working through the tutorial material together. Also, some more examples would have been helpful to understand better the application possibilities of ABM.","Yes, please explain.","I try to model discourse dynamics in a historical study and would to find out if that is possible.","","202401_Aarhus"
"135","2024-02-12 16:30:44","2024-02-12 16:43:08","IP Address",100,744,"True","2024-02-12 16:43:09","R_6cqn1Bfdvcoi2n6","anonymous","Excellent","Excellent","Excellent","The background presentation was very clear and informative for all levels. The materials were self-paced","","Yes, please explain.","I currently use GIS modeling and ABM allows for more dynamic models that incorporate general agency.","Please share the website/teaching materials you mentioned when they are available","202401_Aarhus"
"136","2024-02-12 16:38:22","2024-02-12 16:43:47","IP Address",100,324,"True","2024-02-12 16:43:47","R_3P1zjcglZw38qry","anonymous","Excellent","Good","Good","general information about ABM","the teaching material sometimes doesn't work properly. I sucked for a moment as the window didn't pops out  ","Yes, please explain.","not sure yet, but I'll definitely keep it on mind with my next research  ","thank you for your time. I think all your work is very wonderful and wish you all the best  ","202401_Aarhus"
"137","2024-02-12 16:31:21","2024-02-12 16:50:00","IP Address",100,1118,"True","2024-02-12 16:50:01","R_4uyeOpFMPSlK2NT","anonymous","Excellent","Excellent","Excellent","I love positive energy/encouragement of the hosts as well as the tutorials.","You may share the screen and walk through the set up and the first tutorial for the participant if you have time.","Yes, please explain.","I might continue learning netlogo or mesa2 and apply it with my research project (computer science aspects)","Thank you very much! I’ve learn a lot through the talk, q&a, and tutorial sessions. ","202401_Aarhus"
"138","2024-02-12 16:56:35","2024-02-12 17:06:35","IP Address",100,600,"True","2024-02-12 17:06:36","R_6hWmzEojCl3xZAA","anonymous","Excellent","Excellent","Excellent","The hands-on approach to teaching us something that is very new to us. By this I mean programming. ","Nothing. I just look forward to purchasing the book and seeing the website. ","Yes, please explain.","I think this will come in handy in regard to researching especially periods that lack written sources. ","Sadly I was not able to fully undertake the practical part of the course due to my commute. I understood the implications of this technique in research. The professors were very helpful and I found useful the means of learning by doing. ","202401_Aarhus"
"139","2024-02-12 16:30:46","2024-02-12 17:25:22","IP Address",100,3276,"True","2024-02-12 17:25:23","R_632ZZrK5bliaYX9","anonymous","Excellent","Excellent","Excellent","I liked that we got the chance to ask our questions and get guidance when facing issues during the tutorial. I really appreciated how ready the techers were to answer our questions. ","I really liked the tutorial but perhaps the first part of the NetLogo Web interface could be streamlined and made shorter (since it gets slower when multiple people use it, either make it less slide heavy or remove the length of ticks since those sometimes took up to minute to load) as it was the second part that really got us practicing with Netlogo and not all of us managed to get to the second part during the 1,5h long hands-on session. Other than this, I really enjoyed the format! I think it was just the right amount of information to get us started, and it is wonderful that the NetLogo Web is available for us to explore even after the workshop is over. ","Yes, please explain.","","Thank you for organising this workshop and for making it possible to learn about ABM under the guidance of so many professionals from the field of ABM.","202401_Aarhus"
"140","2024-02-14 10:16:19","2024-02-14 10:17:37","IP Address",100,77,"True","2024-02-14 10:17:37","R_1Up22nZG5DS2E4V","anonymous","Good","Good","Excellent","","",NA,"","","202401_Aarhus"
"141","2024-02-14 10:16:01","2024-02-14 10:19:14","IP Address",100,193,"True","2024-02-14 10:19:15","R_5mge053bWpavYvs","anonymous","Excellent","Excellent","Excellent","The workshop was very clear and there were a lot of materials for reference. The questions were answered well and promote deeper thinking.","Perhaps the tutuorial files could be shared before the workshop to do in your own time then you come to the workshop having done them with any questions or issues? Difficult to know if you'll have any issues immediately.","Yes, please explain.","I am looking at how climate change has changed the preservation of heritage sites in the landscape, I would like to do something around this.","","202401_Aarhus"
"142","2024-02-14 10:17:10","2024-02-14 10:20:08","IP Address",100,178,"True","2024-02-14 10:20:09","R_4s6doN0YUU8coEN","anonymous","Excellent","Excellent","Excellent","The practical hands-on training tutorials!","Maybe have a follow-up session a couple of days after, so we can work on the tutorials, understand more, and then may have questions and or ideas to explore. So we could have a discussion regarding that.","Yes, please explain.","Will try and see how I can apply AGM to the South Asian Palaeolithic! A lot of possibilities to explore.","A really good session! Interested to further explore ABM and apply it actively in South Asia, and hopefully incorporate it with broader, global models and simulations.","202401_Aarhus"
"143","2024-02-14 10:16:12","2024-02-14 10:29:10","IP Address",100,778,"True","2024-02-14 10:29:10","R_8l90TRbVr1Jq3T3","anonymous","Excellent","Excellent","Excellent","Perfect step-by-step tutorial with clear instructions and extra information in case of further study!","The ""typing over"" of the code in the NetLogo code screen is sometimes a bit buggy (e.g., accidentally mistyping or adding a space too much freezes the code screen and an error occurs. Needed to refresh my page and restart the tutorial steps a few times.)","Yes, please explain.","I am working on a project proposal that is methodologically strongly relying on ABM","Great tutorial material! Thank you to all the tutors as well for standing by in case anyone needed help!","202401_Aarhus"
"144","2024-02-14 10:32:52","2024-02-14 10:38:58","IP Address",100,365,"True","2024-02-14 10:38:58","R_7C3Xp7xw9vrsIYq","anonymous","Good","Good","Excellent","The interactivity","I believe the tutorial is nto really user friendly. I had several problems with the system do not working properly and initiated the process from the beginning several times","No","","","202401_Aarhus"
"145","2024-02-14 10:57:37","2024-02-14 10:58:18","IP Address",100,40,"True","2024-02-14 10:58:18","R_8DmIgNJXysFh7k5","anonymous","Excellent","Excellent","Excellent","The tutorials.","","No","","Great workshop, thank you.","202401_Aarhus"
"146","2024-02-14 12:41:55","2024-02-14 12:58:10","IP Address",100,974,"True","2024-02-14 12:58:10","R_4VvFwhLrEbj4N1e","anonymous","Excellent","Excellent","Excellent","Introduction (no assumption that we already know what AMB is, much less how to set it up).  Thorough tutorial.  Free resources (e.g. tutorial, pdf book, etc.).  Presence of workshop team throughout entire allocated time period of workshop (didn't feel rushed to sign out). ","Technical - nothing.  But maybe request participants to keep cameras on, if possible.  Kind of 'personalises' workshop.  ","Yes, please explain.","I'll be attempting to do a historic landscape characterisation of study area in the Near East.  Supervisor has a lot of survey data that I can use as can't visit the area anymore.  But his research has already left him with more questions than answered.  It's hoped that my HLC (perhaps combined with ABM) can help fill in some of those blanks.","","202401_Aarhus"
"147","2024-02-15 16:31:04","2024-02-15 16:33:28","IP Address",100,144,"True","2024-02-15 16:33:29","R_4fIR8xff9Mw947u","anonymous","Excellent","Excellent","Excellent","Tutoriály jsou výborně zpracované, navedou uživatele ""krok za krokem""","Možné uvést další různé modelové aplikace využití ABM v archeologii.","Yes, please explain.","Modelace šíření typů keramiky nebo komodit-zboží v různém geografickém prostředí ","","202401_Aarhus"
"148","2024-02-15 16:30:43","2024-02-15 16:33:38","IP Address",100,175,"True","2024-02-15 16:33:38","R_7CNwJ2NEusLwAl4","anonymous","Excellent","Good","Excellent","Tutorial material","","Yes, please explain.","Spread of Mycenaean type pottery in Northern Aegean","","202401_Aarhus"
"149","2024-02-15 16:30:55","2024-02-15 16:34:56","IP Address",100,240,"True","2024-02-15 16:34:57","R_7uIgnbNuHhcE62V","anonymous","Excellent","Excellent","Excellent","Detailed and simple tutorial","","Yes, please explain.","I will try to apply ABM in my thesis to see how people react to crisis.","","202401_Aarhus"
"150","2024-02-15 16:30:48","2024-02-15 16:35:45","IP Address",100,297,"True","2024-02-15 16:35:46","R_7DhkNF2rcSF8UeK","anonymous","Good","Good","Excellent","The theoretical part and the opportunity to try it out for yourself.","For me the ""hands on the keyboard"" part was a bit long, I think a shorter one will suffice and then everyone will go through the materials when they can.","Yes, please explain.","I would like to try modeling food procurement and consumption within a community in the context of the settlement and neighborhood.","It was beneficial, keep it up!","202401_Aarhus"
"151","2024-02-15 16:30:45","2024-02-15 16:36:23","IP Address",100,338,"True","2024-02-15 16:36:23","R_7eVjo3ht3IWlvEW","anonymous","Good","Sufficient","Good","That you are explained everything step by step and shown how you can set everything yourself.","When you first need to type over the text of the Netlogo code, it wasn't entirely clear that you literally need to type over the code. And the typing is very annoying, namely because the spaces are not so visible, maybe use a bit darker background and really make the instructions of typing over verbatim.","Yes, please explain.","Yes, but it's still very hard to conceptualize and I need to see more examples and do the exercises couple more times.","It would be nice to have a vol.2 workshop where people would bring their own questions after they have done all the exercises and maybe started playing with their own NetLogo.","202401_Aarhus"
"152","2024-02-15 16:30:47","2024-02-15 16:36:42","IP Address",100,355,"True","2024-02-15 16:36:42","R_2wlBVwGy0GbO2HL","anonymous","Good","Good","Excellent","tutoriál a průvodní materiály","v ABM jsem začátečník, takže neumím odpovědět - pro ""basic beginner"" úroveň bylo všechno fajn","Yes, please explain.","prostorová distribuce artefaktů na sídlišti","děkuji za kurz","202401_Aarhus"
"153","2024-02-15 16:31:18","2024-02-15 16:42:26","IP Address",100,667,"True","2024-02-15 16:42:27","R_2OPNPgSNGZ6Eje7","anonymous","Excellent","Excellent","Excellent","very detailed and well explained tutorials ","It might be beneficial to make part at least part of the tutorials available before the workshop itself. I only managed to go through the first very introductory part so far... but I think I'd benefit more from the opportunity to ask questions in the later stages.","Yes, please explain.","","","202401_Aarhus"
"154","2024-02-15 16:40:53","2024-02-15 16:43:18","IP Address",100,145,"True","2024-02-15 16:43:19","R_2duqYiIeZhppTEe","anonymous","Good","Excellent","Good","teaching material","Longer and more interactive workshop, maybe divided into several slots/units","Yes, please explain.","","","202401_Aarhus"
"155","2024-02-15 16:37:23","2024-02-15 16:45:24","IP Address",100,480,"True","2024-02-15 16:45:24","R_2qjtxBoFJcKQKA5","anonymous","Sufficient","Good","Good","The tutorial is good, with a step by step guidence, looking forward to finish it!","Maybe a simulation of the whole process of some simpler archeological model situation would be nice. From data preparation to simulation of the actual model. ","Yes, please explain."," I am trying to reconstruct natural transit areas/roads and determine if they were a precursor to the roads used in the early antique period. Natural transit areas are dependent on the relief and other environmental characteristics so I guess that they can be reconstructed with ABM.","I expected simulation. I think that if there was one that there would be more chances for discussion and questions. ","202401_Aarhus"
"156","2024-02-15 16:48:25","2024-02-15 16:54:56","IP Address",100,390,"True","2024-02-15 16:54:56","R_22KriagF9LvihCZ","anonymous","Good","Excellent","Excellent","The combination of self-paced work on an interactive online course with the possibility to directly ask the lecturers questions while working is amazing..","The style of the workshop suited me perfectly.","Yes, please explain.","I want to use ABM in my dissertation as a significant part of the practical section of the thesis. ","The workshop is a great idea, the tutorials are excellent. Huge thanks for preparing such a friendly format for a practical introduction to ABM. I wish there would be a workshop for advanced users in the future!","202401_Aarhus"
"157","2024-02-15 16:31:31","2024-02-15 17:57:02","IP Address",100,5130,"True","2024-02-15 17:57:03","R_2FYqrEv7EBfYSrL","anonymous","Good","Good","Excellent","The tutorial is easy to go through, while at the same time I know what I do.","","Yes, please explain.","I hope so.","","202401_Aarhus"
"158","2024-02-19 16:30:26","2024-02-19 16:32:01","IP Address",100,95,"True","2024-02-19 16:32:02","R_5HklM3WiMsd5OkB","anonymous","Excellent","Good","Excellent","Great instructors, and a very helpful tool that walks through the basics","I did have some issues when trying to use the back button, but as you can retake the lessons this may not be an issue. ","Yes, please explain.","I have always wanted to do a study where agents can meet and share information to change mobility practices. Excited to work on that in the context of early maritime exploration. ","Thanks so much for making this possible! 10/10 would reccomend. ","202401_Aarhus"
"159","2024-02-19 16:30:45","2024-02-19 16:33:40","IP Address",100,174,"True","2024-02-19 16:33:40","R_6fdJ7eJTOd2jfKV","anonymous","Excellent","Excellent","Excellent","interactive tutorials with practical examples","the way links for books are shared. In the zoom chat gets a bit confusing","Yes, please explain.","i am looking to take a new step in my research and apply ABM in the near future","trainers are very nice and accessible! will you give certificates of attendance? ","202401_Aarhus"
"160","2024-02-19 16:30:28","2024-02-19 16:35:00","IP Address",100,271,"True","2024-02-19 16:35:01","R_5uYtCdi8DhCZ7SV","anonymous","Excellent","Good","Excellent","Instructors were approachable an clearly enjoyed/took great pride in their work and what they were sharing with us. There was an air of team work, collaboration and support that is often lost in Academia.","My only issues were a result of my own technical difficulties. The only thing I could possibly speculate would be to structure the workshop so that it takes place in smaller chunks over a longer period of time, sort of like ""office hours"". So that as we work on the tutorials at our own pace, if we have any questions, we know that one of the instructors will be ""online"" for half an hour or so at a time, and we can join them to get answers as we work through. ","Yes, please explain.","Yes! I am actually very excited as I have been struggling with how to create a more robust model for my thesis. I currently am trying to create a 3D qGIS model but I think an ABM model that could be continuously updated might be much more user friendly and yield more in depth results!","I thoroughly enjoyed it and appreciate being able to take part. Thank you all for your time and willingness to share!","202401_Aarhus"
"161","2024-02-19 16:30:59","2024-02-19 16:36:00","IP Address",100,300,"True","2024-02-19 16:36:00","R_1FL5XxZZlkjBvOl","anonymous","Excellent","Good","Excellent","The interactive tutorials","","Yes, please explain.","I'm modelling Neolithisation processes on a GIS-based environment. I will try to create alternative scenarios with ABM","Great workshop! Very useful for students like me, who approach ABM for the first time. Thank you","202401_Aarhus"
"162","2024-02-19 16:30:52","2024-02-19 16:38:18","IP Address",100,445,"True","2024-02-19 16:38:18","R_7ILSOSqTdE3oTDk","anonymous","Good","Good","Good","Basic introductions, not anything too fancy. Easy language especially for beginners.","Would have liked to see some examples that the team has been working on, especially with interdisciplinarity and crossovers between archaeology and other fields.","Yes, please explain.","There is a possibility to apply ABM to museums and museum collections to understand how histories of groups of people are represented. In museums, objects are displayed in chronological order, but never show the distribution in an interactive way. This would be an interesting interactive to demonstrate changes to objects and distributions as society, environment and economics evolve.","Great work! Excited to read the volume on Agent-Based Modelling and learn more. ","202401_Aarhus"
"163","2024-02-19 16:40:03","2024-02-19 16:44:17","IP Address",100,254,"True","2024-02-19 16:44:18","R_7qfv4Mzm4eJMZZ6","anonymous","Good","Excellent","Excellent","Materials provided go at a good pace and provide a lot of detail","The workshop time is very short! I appreciate the availability of hands-on assistance","Yes, please explain.","I see how it could be used to explore models for spatial distribution of bronze age monument construction","Thank you very much for sharing your time and resources!!","202401_Aarhus"
"164","2024-02-19 16:43:29","2024-02-19 16:49:15","IP Address",100,346,"True","2024-02-19 16:49:16","R_19uFaWfOcN1pNl4","anonymous","Good","Excellent","Sufficient","The interactive hands-on learning was a great way of quickly getting to know what ABM is","I would like more tutorials after the introduction, and more explanation of the code example. It stopped right when the code was introduced","Yes, please explain.","I might use it for modelling factors in the development of wealth and inequality","A live presentation in the beginning would be nice, but I guess it's because Brughmans cancelled last minute?","202401_Aarhus"
"165","2024-02-19 16:30:54","2024-02-19 16:55:26","IP Address",100,1472,"True","2024-02-19 16:55:27","R_7DjenYIoWkJ7fBY","anonymous","Excellent","Excellent","Excellent","The content and the price ;)","Instructions for beginning tutorials could be clarified or perhaps demonstrated.","Yes, please explain.","I will use it to test hypotheses about kinship patterns using bioarchaeological data.","","202401_Aarhus"
"166","2024-02-19 16:30:29","2024-02-19 16:56:11","IP Address",100,1542,"True","2024-02-19 16:56:11","R_1nBjnmR7elrJ7rP","anonymous","Good","Good","Good","The interactive tutorial to NetLogo","Maybe when not speaking, then sharing some instructions on current task of the workshop and their expected time to complete them, so everyone knows what should currently be working on","Yes, please explain.","","I appreciate the effort and targeting wide audience","202401_Aarhus"
"167","2024-02-19 16:45:53","2024-02-19 17:06:38","IP Address",100,1245,"True","2024-02-19 17:06:39","R_6GsVxTF0kECIw49","anonymous","Good","Excellent","Good","The interactive format of the workshop and that all resources were provided. ","More 1 on 1 breakout rooms for the actual creation of models","Yes, please explain.","I do not have any research at the moment where I can apply it but I still believe it is useful to understand it, especially when the public has questions about how archaeologists know what they know. I hope to be able to use ABM in the future. ","","202401_Aarhus"
"168","2024-02-21 10:31:40","2024-02-21 10:35:43","IP Address",100,243,"True","2024-02-21 10:35:44","R_4yJRo0JQ6QMFbnb","anonymous","Sufficient","Good","Good","the simulations and the definition of agent based modelling","none. this is an introduction and expectations for an introductory workshop is met","Yes, please explain.","I'm doing research on the the archaeology of a lake basin in the Philippines and this can be helpful in exploring the factors in the growth of settlements in a lake basin environment","","202401_Aarhus"
"169","2024-02-21 10:40:03","2024-02-21 10:45:33","IP Address",100,329,"True","2024-02-21 10:45:33","R_8COZqnmVaaRhGv9","anonymous","Good","Excellent","Excellent","I can re-read the material whenever I want.","Maybe it would have been better for me, if we go through firstly together on the teaching material, personally talking through the topics.","Yes, please explain.","In my doctorate reasearch about the settlement and land-use during Late La Tene period.","Thank you for organising the workshop! The teaching material is really useful.","202401_Aarhus"
"170","2024-02-21 10:31:25","2024-02-21 11:25:13","IP Address",100,3228,"True","2024-02-21 11:25:14","R_6Ppmi0X3RcvqA3q","anonymous","Excellent","Excellent","Excellent","Well designed tutorial, with clear and simple explainations. Easy to understand.","Perhaps 2 hours was a bit short","Yes, please explain.","I will try to make my own ABM simulating movement and behaviour (e.g. satisfying basic needs such as food) of people within the Roman City of Ostia","","202401_Aarhus"
"171","2024-02-22 10:10:43","2024-02-22 10:14:10","IP Address",100,206,"True","2024-02-22 10:14:10","R_2vf9fiZLCWZ61KH","anonymous","Excellent","Excellent","Excellent","step by step guidelines","more cases or application in subfields of arch. sciences","Yes, please explain.","I would like to model the interplay of historical events with biological transformations e.g. diseases, diet, demography","Keep up the good work!","202401_Aarhus"
